Date,3M,6M,1Y,2Y,3Y,4Y,5Y,6Y,7Y,8Y,9Y,10Y,11Y,12Y,13Y,14Y,15Y,16Y,17Y,18Y,19Y,20Y,30Y
2015-02-01,2.4839677426244,2.4981512415577205,2.55685041473414,2.650903854821326,2.7812158086061833,2.9196954409045497,3.0383735741033524,3.1187699423697763,3.1991663106362003,3.2795626789026247,3.3599590471690486,3.407566521209166,3.4914124052723094,3.6112870411221984,3.731161676972088,3.851036312821977,3.950392470667474,4.033755101752793,4.117117732838113,4.2004803639234325,4.283842995008753,4.298723136822194,4.993046936644299
2015-03-01,2.434437359486493,2.469080942400295,2.50860797013093,2.5859739061500253,2.709304245066175,2.824582328202274,2.9345205015486937,2.9982362581824833,3.061812743612199,3.1253892290419154,3.1889657144716312,3.2076930158730157,3.2917107564950467,3.4134321547161273,3.5351535529372073,3.6568749511582874,3.7485410749005257,3.8140688096565416,3.879596544412558,3.9451242791685734,4.010652013924589,4.012873656898657,4.989360729548229
2015-04-01,2.510671407606095,2.5267292722839048,2.574116344669342,2.690191401037757,2.819292121393212,2.93466438704998,3.0338400532773653,3.0753424505617173,3.118324900062839,3.161328383803571,3.2043318675443024,3.2467851588405106,3.3353333167551917,3.4368155243608465,3.5382977319665008,3.6397799395721555,3.727227031611367,3.8043223563322357,3.8814176810531036,3.958513005773972,4.03560833049484,4.113759196090795,4.99
2015-05-01,2.572531402092797,2.6050049100185375,2.673614733973897,2.7698530366890117,3.026513393010403,3.1568382399144017,3.2672268557855655,3.3409500249392914,3.3932626794973024,3.437200764104982,3.481138848712662,3.5069860537354747,3.556301852987634,3.6091098164551867,3.7045392224487097,3.7999917713278943,3.9010495331882216,4.004276671969469,4.107503810750717,4.210730949531964,4.31263766692534,4.375720942735543,4.99
2015-06-01,2.523652287089016,2.5529897665018195,2.67610419816204,2.896500776170641,3.0346744998656416,3.1543335053613393,3.270953838201328,3.3758558761996276,3.476132304693239,3.5652308176064595,3.6538907779943535,3.6672149236709237,3.688700058131084,3.71848529336832,3.87017336088615,4.0203179588917095,4.106484153482507,4.170492675165355,4.23270516394688,4.294917652728406,4.356574199745731,4.41455340556478,4.99
2015-07-01,2.4799707143231267,2.504520550146715,2.585625384099239,2.746009325698768,2.8902761696841166,3.0275216310641713,3.1554495573832644,3.2769433269299397,3.391768053298682,3.4977481650120468,3.601271797587418,3.624455514543053,3.7097659056394225,3.8009096596582195,3.893084441321023,3.9812035916431583,4.055900940237716,4.130816683232252,4.205501275250965,4.280185867269679,4.352564233413328,4.415649332527418,4.989318181818182
2015-08-01,2.4624583704721204,2.4977257503556496,2.5834481124397657,2.7107602655830503,2.8459699842324517,2.9834369176895024,3.1131329652964435,3.2065707914923776,3.2994942636231457,3.390425516692454,3.4807848973929376,3.561005285959511,3.657299287501788,3.750687604802605,3.841691746031746,3.9283017334802772,4.001576610644258,4.069344901629463,4.136802401209498,4.204259900789534,4.271717400369569,4.351807243589743,4.975
2015-09-01,2.5150030208459473,2.533088535847327,2.620601621165006,2.7422887948785593,2.869281239987594,3.008178470677616,3.1423169780253613,3.228145545751373,3.316953528421056,3.4087435335506053,3.500533538680155,3.5904252208505594,3.6728079516595438,3.7593950397608946,3.854566777198171,3.9417353210272577,4.013111598615518,4.0783330608073545,4.1435545229991915,4.2087759851910285,4.2809319089045985,4.390598895746364,4.975
2015-10-01,2.526033627439678,2.5386570270731132,2.6214719036585334,2.7934536436830437,2.930531242753492,3.053761178177554,3.1667019651863284,3.2493027253589384,3.3317078413381096,3.4141129573172813,3.496539649431692,3.5786131362505684,3.658622059806885,3.7496444187873323,3.8580781866725125,3.9620861753481265,4.042579067008151,4.101533735733029,4.160488404457906,4.219443073182784,4.282750713844594,4.352949015486032,4.972499999999999
2015-11-01,2.5333217567728843,2.564253222341568,2.6233710634170153,2.797580405550994,2.929246830491698,3.0485651516681282,3.152690529747507,3.2382759340370613,3.3260028145820697,3.4137296951270772,3.5015823882948003,3.5880379508515814,3.6719294204548065,3.7558208900580325,3.8397123596612577,3.9236048280393163,4.0054657374025595,4.077923682754021,4.150381628105481,4.222839573456942,4.295614419656225,4.403733728766361,4.95
2015-12-01,2.5242120491214264,2.5507531179554,2.6211179246096883,2.790202051149486,2.9150054859754055,3.0304440394223953,3.135338159068713,3.234383790660944,3.3198596859687832,3.405335581276623,3.4934346101745253,3.5838507624236264,3.6741206603412397,3.764390558258852,3.8546604561764655,3.9431975864471904,4.022612357515918,4.09101218521421,4.159412012912503,4.227811840610795,4.296211668309087,4.397588721804511,4.948157894736842
2016-01-01,2.499752896697526,2.5251641607012725,2.6118122663844807,2.7790182706913837,2.885478503598845,2.988941825747058,3.0878716894835234,3.181468733751732,3.271493227556563,3.361517721361394,3.449129942096787,3.545822819564172,3.636881153486015,3.7190076320831444,3.8011341106802754,3.888607890173125,3.976901333205344,4.05534499136308,4.133788649520817,4.212232307678553,4.29067596583629,4.390729514015909,4.926847354208859
2016-02-01,2.4824717304851234,2.510501450354175,2.5866055855190977,2.716975431625281,2.839582390658134,2.9428249903659083,3.0395943563418566,3.1334315897334455,3.2231233017337164,3.319779787374381,3.4250351013221376,3.5311077230166066,3.6278270502645507,3.7052585781677925,3.7826901060710347,3.859797995886808,3.9351866815726044,4.009448405456333,4.083710129340062,4.157971853223792,4.232233577107521,4.346303492063492,4.908786189574994
2016-03-01,2.4647421289028437,2.489700473664381,2.535108622133209,2.6201298883940747,2.7143378713215256,2.8050660072349007,2.8956792367029425,2.986982165618702,3.080303349923217,3.173624534227732,3.2669457185322464,3.3145123167927233,3.393630802135303,3.49597649422693,3.598322186318557,3.6927700102217207,3.7781791505452067,3.8573260430889964,3.9364729356327866,4.015619828176576,4.094766720720366,4.153414889287608,4.708758786126834
2016-04-01,2.349514897034783,2.3745871491623554,2.422878751976426,2.5600505622304492,2.6694270684063537,2.743554877292814,2.794395776972951,2.850329108141797,2.9332385079497274,3.0173203522543264,3.1058488485458597,3.2064015566400075,3.28101396918775,3.349674195081207,3.418334420974665,3.495059213194161,3.5748392183979747,3.6531564877752754,3.731473757152575,3.809791026529875,3.887866980092188,3.9613648131955745,4.590090909090909
2016-05-01,2.193364076399791,2.151400701826388,2.1233718473974568,2.1890815108379407,2.2648008588810122,2.3050759159421697,2.3285645971370252,2.423700399824973,2.560278130316049,2.6968558608071254,2.821956916746576,2.927296040680187,2.998649618010245,3.060756827364115,3.122804853585273,3.1826009590036697,3.2469069621372197,3.3117336360021725,3.3765603098671253,3.441386983732077,3.5069342643882697,3.5762378527257206,4.276857142857143
2016-06-01,2.087354475123383,1.8719919674498946,1.9219510657370589,2.0040515282165074,2.096918313252727,2.1992213258815263,2.2897180020397094,2.3838636066886285,2.487483076849502,2.592361590306081,2.693409127365207,2.758138771858066,2.840557804469044,2.9253386210641956,3.013170801392213,3.125702859503324,3.203634380750272,3.2692474832222174,3.3343104389980645,3.399373394773911,3.4641357513024813,3.5285862079637202,4.2352380952380955
2016-07-01,1.7384155941479154,1.7727284711661255,1.910778508458802,2.051943674620475,2.13410153242022,2.265255224458676,2.4007719519858695,2.5088353193647297,2.6111374496665847,2.713617089732057,2.8173725075930554,2.860789014993532,2.923765047444942,2.98673344540076,3.0540803018937925,3.1328435205781657,3.1977909494353653,3.2612271116197595,3.3246632738041546,3.3880994359885506,3.453376243404679,3.524411487509327,4.2485
2016-08-01,2.045836708630325,2.145410765731227,2.2524911965620387,2.3592775096799334,2.388378775504386,2.4612584117185605,2.567776045228958,2.6623981998399278,2.753184333023402,2.845080124631397,2.9327444139053642,2.909180492046669,2.983420124536301,3.0576597570259336,3.1384178511927647,3.20585527470415,3.2607251324117175,3.3143341654043526,3.3679431983969876,3.4215522313896227,3.4800268188513677,3.54833760327559,4.2434705882352945
2016-09-01,2.152396593163302,2.2478908500298376,2.360578274966143,2.521449495518403,2.604398033634644,2.690749520167122,2.7686410048615846,2.856300439043749,2.9474307274964695,3.032967631027937,3.0843590659162805,3.1062979586933115,3.128679855171904,3.1518998852259923,3.192504411556854,3.2715518270025785,3.3406888999502242,3.4096763137310675,3.4786637275119108,3.547651141292754,3.6166385550735978,3.682393907272183,4.2906666666666675
2016-10-01,2.187506539840757,2.2344357167074134,2.3641437574119246,2.545223674630897,2.643772244156772,2.7267686125838093,2.805813729064603,2.9064365730404353,3.0104591599431183,3.1084241928160665,3.190197842591529,3.271073372670119,3.296331088768207,3.3301256853638463,3.370529728821842,3.4212373183640694,3.485260628340812,3.549283938317555,3.613307248294297,3.67733055827104,3.7413538682477827,3.802612758996729,4.365
2016-11-01,2.1059305635036822,2.168134908963585,2.271827675843763,2.4316334498493277,2.5178862761335474,2.589839429876782,2.657946047973641,2.7490925441645953,2.856694788747393,2.966854209870085,3.0612356625424466,3.122027024225698,3.1991755107490367,3.2782544483215568,3.3545593801963642,3.4277041658268415,3.495265590709864,3.5628270155928856,3.630388440475908,3.6979498653589298,3.765511290241952,3.827069807416934,4.349352941176471
2016-12-01,2.080442245035666,2.1561273222808373,2.2742311482577633,2.4057741616923862,2.493243447383172,2.5754104363529335,2.6409642255191135,2.7211455999990783,2.794382135370477,2.869603269158319,2.9492688745139763,3.0290522138862634,3.105894456873892,3.1890499701214146,3.2758845077183634,3.361388436247413,3.4347371390147843,3.508085841782156,3.581434544549527,3.6547832473168986,3.72813195008427,3.785596996253562,4.249736842105263
2017-01-01,2.1370859517314837,2.1976487374181284,2.320594273971778,2.448743988946354,2.5703605624099883,2.6459042323388027,2.7133252839997417,2.7980220020564563,2.8913763574998503,2.97814259055493,3.058305382420071,3.133395874779935,3.2039914609010816,3.2832133357971593,3.3486068935547957,3.4261736366075297,3.495794425143078,3.5654152136786257,3.635036002214174,3.705228060947957,3.775659717382888,3.8274630856864427,4.2411
2017-02-01,2.202002072409498,2.2697133311862627,2.396968698907758,2.552939651911403,2.6549853116852073,2.758261859887636,2.8555232743151726,2.9544192785670615,3.0422763503616963,3.1263710850111215,3.1897395191218085,3.24095125395903,3.2907073013305324,3.3426743683599525,3.3896774201325015,3.4710068052413923,3.544574083711904,3.6181413621824157,3.6917086406529274,3.765275919123438,3.8340507436535587,3.8713232650799254,4.19
2017-03-01,2.167972033722856,2.232965767827532,2.372701900812452,2.549368721910594,2.661459829463833,2.7636376323221046,2.862338625663339,2.957941675412531,3.046161082466731,3.1228358115642543,3.199012074718769,3.2938227739933614,3.3944284564619074,3.4946449511947546,3.526692666001863,3.5427710858911197,3.599856823488118,3.65423596329084,3.708615103093561,3.762994242896282,3.8079926968357136,3.845721139529354,4.187368421052632
2017-04-01,2.1187200836258397,2.157434299512845,2.2799393784804627,2.4358100257673514,2.550940116327677,2.6646564156722463,2.775554037264901,2.8816469158489006,2.989201485121199,3.077407449977146,3.1633298760665536,3.251556397835811,3.3350613575403125,3.417096033109391,3.467546966757474,3.525019795132431,3.599333645961594,3.6736474967907573,3.7479613476199214,3.8222751984490846,3.894530854945433,3.942607074931542,4.337684210526316
2017-05-01,2.1510171972611656,2.2053171921428683,2.297666733055485,2.4334657550342573,2.5554593982246434,2.6470311282270305,2.774833651948973,2.906055056964701,3.0344002939820345,3.1205747161939406,3.192883135507765,3.266785976216568,3.3378182041138538,3.4080050040527614,3.4709818111490183,3.53894646500632,3.607237333130165,3.674548174541359,3.7418590159525524,3.8091698573637465,3.8750639669329447,3.9286826266499375,4.3805555555555555
2017-06-01,2.1209551937390385,2.1671838206994236,2.2585416732256176,2.421382227211537,2.5416428755838765,2.6654683931149363,2.7874459722449716,2.9064763077869182,3.026660554087506,3.1294880441432436,3.2074271332753335,3.2923259148869994,3.4018884134532144,3.5137283893361984,3.6213711271893536,3.7101290005476812,3.7790291159595197,3.844141759190241,3.9082086846687263,3.9640632258332404,4.014079231525832,4.058756339862305,4.40355
2017-07-01,2.1405819799150962,2.1995523433402844,2.3070917315316075,2.433548471024518,2.5594164287584085,2.686834065558861,2.810656082544337,2.926043184564204,3.0286236504528046,3.124134943602858,3.2212971120545495,3.310874793075069,3.41373726467103,3.527084075886452,3.6597165909234235,3.7380876310005133,3.8056643845851417,3.8731080671816827,3.9398986964519644,3.9990636140431306,4.046186347809541,4.090339620405795,4.44985
2017-08-01,2.235738620864041,2.273804257659865,2.375427924400211,2.499005136510247,2.6141538646180202,2.738153923391019,2.853299710260222,2.950113456189266,3.0522899557783556,3.153258456575734,3.2482724425163925,3.3496368983960294,3.4401916226494804,3.57351797862002,3.683888725499937,3.7595485093411547,3.8248997029000176,3.8901017397028506,3.9525191117960596,4.006999290842919,4.05150376003886,4.08935641071884,4.445142857142857
2017-09-01,2.2177142705252124,2.264084961145837,2.3641907816251715,2.482200847184385,2.600663629963942,2.722342176500532,2.8424957297779763,2.9564823615919495,3.0538617107483774,3.1512735589515004,3.2490933752320736,3.3529621673533914,3.459786809473112,3.56620137506222,3.674659801568597,3.7475236727009813,3.8102917083331573,3.8730597439653343,3.9358277795975103,3.998409798409456,4.051585836036635,4.093747634477704,4.443714285714286
2017-10-01,2.1973585921972245,2.239085018654185,2.360246334877039,2.4680045102802786,2.5783260264690373,2.694738838911562,2.8122603427034965,2.922717493620882,3.018891759170375,3.114578273599472,3.2088729520581114,3.3032898853207633,3.40415537518078,3.5062369766746393,3.6171437983439216,3.725091308322426,3.783867135604707,3.842642962886989,3.9014187901692705,3.959442384444529,4.00754914676898,4.051693105523847,4.424555555555555
2017-11-01,2.1780542800453513,2.2134435808753774,2.293045507337892,2.4189305981754714,2.5264788504347386,2.6402613246278945,2.7567077991162687,2.861963205228226,2.956197047697759,3.0512319271361346,3.145192889950412,3.232601155492843,3.3135274328501145,3.398385837260477,3.499243819726721,3.5923477343342247,3.6645409507197737,3.736734167105323,3.8067530274505845,3.874843845997565,3.93468095868773,3.9793362183478904,4.35
2017-12-01,2.157322732565877,2.1904903869260934,2.293736508250188,2.4300802924836105,2.5475005767706,2.6589801300746783,2.7743411203189843,2.8774977675084354,2.9732097012023777,3.068787352866321,3.165609616045145,3.263177234136229,3.358880343969271,3.4500874569171973,3.5195191511546016,3.5961301737158475,3.669638042129334,3.7431459105428213,3.816653778956308,3.880327654199356,3.930250812207884,3.9756857212088694,4.35
2018-01-01,2.176077602423148,2.2557824901202386,2.3492226156591425,2.4904368634689056,2.601918032972656,2.7208937434998437,2.831473854897216,2.926055275192947,3.0199388607475384,3.1189582738567796,3.217149286816423,3.3015338321418946,3.391026937666549,3.4529088547138755,3.5205557283877646,3.5915446949197913,3.661201196782411,3.730857698645031,3.8005142005076507,3.8694961682417386,3.9207683385677705,3.9676752736007317,4.352099999999999
2018-02-01,2.236235177568218,2.311436624513773,2.4195062896304584,2.5676064297699788,2.6849160073386176,2.8109914350152168,2.905127298993095,2.994104086132202,3.0885957333136616,3.1806847994279277,3.2703494758746245,3.3607853224024056,3.4492684774957145,3.5253409535848284,3.5977356408573264,3.660306641238308,3.711057283925542,3.7613482619174654,3.8110809351533756,3.8615712819176187,3.908403875709168,3.955893000206383,4.341263157894737
2018-03-01,2.263950144132653,2.2914832456117074,2.376521084236758,2.49895777163861,2.6044332536684376,2.7181398370439287,2.823978964285496,2.917929979440597,3.0117503723288053,3.1060782965039166,3.2128671776199327,3.2994863445007248,3.3911641128214987,3.5000563736488473,3.6136549771128843,3.6894552681883974,3.7342514315993833,3.7790475950103692,3.8239630873381634,3.872334545499451,3.920018121839129,3.967701698178806,4.35065
2018-04-01,2.192882506356954,2.2273146498824965,2.323015724311163,2.4484325003650005,2.5505245222009947,2.655291881793234,2.769883615865435,2.8718575593855022,2.9730316809350947,3.0668881262947147,3.1812961801964215,3.2590018827802973,3.37258191448942,3.450315134655236,3.5310949761120427,3.6071760570522846,3.6784913460928848,3.7470879318590757,3.813566776850418,3.8754391603153056,3.9250610165015303,3.972607030628615,4.337380952380952
2018-05-01,2.233947883475432,2.2665843496849076,2.338070036309897,2.4584395577788283,2.5587509632541288,2.661554066487608,2.7652982870265803,2.875891099565303,2.980293224987341,3.076925875656046,3.1715313212995837,3.2711695703605974,3.3582470753464535,3.4359975397546223,3.516481276866726,3.588741582155137,3.6579970865009903,3.7235108388266784,3.787404928476568,3.859749362882016,3.9147076019218874,3.9696658409617593,4.336
2018-06-01,2.2620501513176583,2.295982173234603,2.381908974492444,2.494331788367394,2.587833787982196,2.6797228969001727,2.767203736732998,2.8703650344593785,2.974701394791741,3.071319486075993,3.1693547688562203,3.2582878715446952,3.3358688221587283,3.4224845538258437,3.512503741933439,3.5873275076884443,3.6589359825729915,3.721778465232428,3.7815828126603814,3.8396014738059496,3.8974472749307765,3.9551012314083063,4.336863636363637
2018-07-01,2.261796590373457,2.298251039912362,2.388071332197466,2.5342781527158187,2.6194459501739784,2.703580449573077,2.7881249492375506,2.8885514981225753,2.996609659573272,3.0833570013985945,3.175397646614399,3.2647490053752257,3.3492484243180387,3.435175317189956,3.5204853607738094,3.5899011525420272,3.6577471416848546,3.716031598904906,3.7721798626256713,3.825764517927145,3.8798226955223223,3.934420351665671,4.354750000000001
2018-08-01,2.284658561536276,2.318541919020917,2.402133218130012,2.541419460163268,2.6253674415419876,2.7051650431386807,2.7863051678170634,2.8812402646689175,2.9808671785277148,3.0794400548203034,3.1770601271525356,3.2711251195869218,3.3554171925081073,3.445104677349168,3.5310367942656082,3.5921230847828602,3.652736948773847,3.708911001638223,3.7640158487069613,3.818537945282684,3.8734207765380093,3.928639690153438,4.349333333333333
2018-09-01,2.2906047602481854,2.3219251895440687,2.411611880191206,2.565599095485164,2.6451181571236635,2.729080070740603,2.81260107484996,2.9058989744919175,2.9963341970945603,3.100298870200078,3.200561666742837,3.2887558971097137,3.3682550755885057,3.4456288638397337,3.5219236380832797,3.5933360813841517,3.664748524685023,3.7327176448243113,3.784426407995297,3.8288885391538066,3.8806172769130782,3.9323876972905634,4.348
2018-10-01,2.3086580978133036,2.333773959256107,2.441652850802862,2.5836733333529622,2.658313539765164,2.745736674419407,2.8391715192645877,2.929793152437051,3.025953631451999,3.126212009436296,3.222613201121861,3.303618495362733,3.383265069351475,3.4616782635352323,3.5424841884456644,3.6026317426499377,3.663306066959277,3.720283036776032,3.7692465597552114,3.8199092602458253,3.8717672323647876,3.92390609000301,4.347421052631579
2018-11-01,2.313368046384517,2.3500062241194533,2.457975984682869,2.5981141885636605,2.686766804518619,2.7718730939972698,2.85948194397953,2.956194845687526,3.057449971604863,3.1556220461345363,3.249480467871785,3.32986552518895,3.416847560432831,3.5002800258789604,3.562287764112939,3.6096356675201173,3.658064368888053,3.7095729362691117,3.7603682141596493,3.814656901383766,3.8703850012862553,3.9261180528592172,4.336608695652174
2018-12-01,2.318078536943133,2.3556596201045337,2.453382272539622,2.586498199527109,2.6796154361632207,2.770740188840141,2.852357932357332,2.9632140813319743,3.0688911215173387,3.1742652909125466,3.275281108659742,3.370342907903139,3.4648342955209466,3.5556032871102885,3.6191295968215424,3.6688072353274013,3.711171994536012,3.736533549914888,3.7600541366783715,3.8092479911611092,3.866015410664065,3.9227828301670207,4.336
2019-01-01,2.329114890709868,2.371872874234811,2.4596280796623056,2.5960166056720504,2.6876429618888684,2.7756521763301554,2.8634057290461876,2.971940877779428,3.0759232123768823,3.1783807387568865,3.276706485549591,3.3733443551798565,3.4545828722270575,3.5312735058991,3.601675293672238,3.670250625300802,3.723069681538029,3.743430930245353,3.7595422236366804,3.8073590823591057,3.864911150921416,3.922463219483725,4.336619047619048
2019-02-01,2.357017915770297,2.3879436220932018,2.4542506243771802,2.578054160194636,2.6723689047734496,2.760014415767426,2.8498687928725195,2.9574531328570797,3.065012978586167,3.170545655949919,3.2720961385759457,3.353523063721994,3.430123057769052,3.5108526510486397,3.585939437207486,3.655271647023363,3.707796205452837,3.740473607966954,3.7722016269993834,3.8199002733329825,3.8733765466694754,3.9276287785295407,4.320285714285714
2019-03-01,2.3510850818452385,2.354264104794941,2.3895254762530045,2.5095041458581693,2.5999943602197977,2.6884161668232136,2.7626452139674056,2.8557582548360316,2.9531174541142486,3.0499892556678496,3.1435245848356326,3.1924449314371035,3.2604587710251494,3.3521673054598375,3.446886211787556,3.5439599670253186,3.6194886997377522,3.6708284124020296,3.7216897443904466,3.772579967107378,3.8234701898243104,3.8778957810388968,4.286199999999999
2019-04-01,2.3352563675334137,2.342653343470996,2.365166190054338,2.4503958213006807,2.538137423068475,2.612522412236655,2.6886576177312547,2.7794874920825547,2.869195600302477,2.9577686726058032,3.038968721718155,3.1205241277093885,3.2115870630824177,3.299472783085335,3.3875815205817688,3.475576548899064,3.542232431551703,3.5973204058123747,3.6515903716461047,3.707611410694728,3.7669135263216247,3.82800922884824,4.2616499999999995
2019-05-01,2.326560802422215,2.3429328790494677,2.3666994874647553,2.4214259040285673,2.4992189423275324,2.569448691243542,2.646243541557862,2.7495797291282953,2.854499603323766,2.959477652335531,3.0275852131039103,3.096363830280937,3.1749236359824993,3.255180266109917,3.3353808346990523,3.415473236262713,3.489509024939602,3.5558738139446535,3.6146436953059453,3.675905852027587,3.7371661913391345,3.7994910662440846,4.231863636363636
2019-06-01,2.3203369543484995,2.321509610386057,2.329359978784917,2.386242088160765,2.4502276141191803,2.5145775594821456,2.5891735246468515,2.6800690922931025,2.7736871131192475,2.8758790256559936,2.938349650853453,2.999368164000307,3.076250102375985,3.155537872667793,3.2352155794073783,3.3148932861469635,3.3956390437324173,3.4594941062000957,3.519530230905271,3.5782204403663602,3.6362885552897946,3.704011363636364,4.184545454545455
2019-07-01,2.315027588061797,2.3124883424530607,2.3332877688102376,2.386679223858904,2.4457545155045866,2.510764310526341,2.5804607172935508,2.6640595414752237,2.7525348032705153,2.8374943253662397,2.9096336124157145,2.970415539323074,3.049180110239369,3.131352781477048,3.2113685451694027,3.291181493520052,3.3725073358577977,3.420334824482087,3.463597548602632,3.508734265394666,3.5565608988531046,3.6252482730989457,4.114
2019-08-01,2.3184213643149567,2.313572663980538,2.3445476717896008,2.3937509461096185,2.4480499596936083,2.5139990795688383,2.5821315632415933,2.6640839873785516,2.7462582748694566,2.8260812924297896,2.9036721315739116,2.9692345771511057,3.0495854897052377,3.1320400099142667,3.212683319277409,3.293168735553306,3.369349879691605,3.4067185033007936,3.4409558309092008,3.487352628282019,3.539608330192281,3.609839554155311,4.089095238095238
2019-09-01,2.2711645664102007,2.291278265756815,2.3497696243707096,2.387721221640285,2.4329223295774947,2.4822251295653164,2.5781240852379947,2.658665844921065,2.7377202886986183,2.816796908750919,2.895477621741039,2.9712919516155565,3.056732361164518,3.1385346329435215,3.21902100757327,3.2978245592949404,3.3531214134842204,3.3943263121570997,3.4387642098410205,3.4861272201518476,3.5336540094922766,3.5994499581321078,4.0304375
2019-10-01,2.236073302379106,2.2617545286840506,2.330318491200567,2.385532383155139,2.4412123197223274,2.4954421495918573,2.5697599649085268,2.650089632392953,2.730068896379802,2.8087763970086863,2.8865393429400936,2.9649869400547595,3.052325708203906,3.137051060152992,3.2113279325543367,3.285160514865834,3.3506663452657195,3.3861524839524773,3.4235173991526877,3.4624646022522234,3.5031883658265652,3.5693211519204495,3.9958571428571426
2019-11-01,2.243098302470245,2.259294320149985,2.323227929042013,2.3698071280739836,2.4207238126209276,2.4652114413743664,2.516792343096393,2.58187710158746,2.645779743825564,2.7110253020789754,2.779557632945027,2.8777247979127454,3.020464387082665,3.074895285436237,3.1154817362586003,3.15812190175791,3.208940517668781,3.2681490392277253,3.3260959969358193,3.3836525742291026,3.4425950665435208,3.509616943439459,3.936086956521739
2019-12-01,2.286378508603799,2.294209816627755,2.319155348794326,2.3566547698909135,2.3931524286376624,2.405584149228721,2.4745681898762935,2.527130376009863,2.582389645219238,2.6390787456657634,2.694756668875176,2.7946219449580685,2.9259206478992734,2.959783578480622,3.000223222020507,3.0425530776706062,3.092947281770182,3.15195769541805,3.2109157334579868,3.269861122966757,3.3306943210504825,3.3975396340206974,3.816611111111111
2020-01-01,2.272854534424651,2.284756335607127,2.3196233922190306,2.3573635237311303,2.381534886317649,2.394015019750956,2.4218688307401925,2.4756541500981353,2.526902334186066,2.588700075219722,2.667070311782861,2.723975079785985,2.7827064859702166,2.840959674892488,2.9012902581237143,2.9567206090883755,3.0127499793985546,3.080194917404142,3.145235682033039,3.2174395626305956,3.2882127138606747,3.3562967873392187,3.7892699045593785
2020-02-01,2.2683585078768354,2.2968564612286118,2.320049197498464,2.365634563357467,2.3843244748050885,2.4049140973146432,2.428236213867955,2.4671171561945693,2.5110862292188165,2.5556351941344833,2.6046741728260043,2.654617835600053,2.710665617597388,2.7808892709642,2.8497833711306386,2.910605122635966,2.9632597496380004,3.02637150077106,3.09001662541693,3.1494644989639897,3.2087917069166902,3.2679846213199886,3.892540311760284
2020-03-01,2.30401094141604,2.3185881742061674,2.350835024287614,2.386727941887859,2.412189164435401,2.4559425295874555,2.484545048786154,2.5178637252287834,2.554666729335616,2.588001416824142,2.622446843794822,2.6722748792866455,2.724000748605892,2.7744790396075634,2.8269300623640152,2.879512617084066,2.931378971229536,2.980109958033696,3.0266017327283756,3.0738801793697474,3.127284255647589,3.186913745649406,3.795282982595377
2020-04-01,2.3360774984194186,2.3343179603473727,2.3576651635467023,2.4128856150403157,2.4514252758838246,2.478369968320756,2.5065421655929443,2.5422310515112962,2.583802658701412,2.6280527614774405,2.670975288648398,2.719535102857081,2.7646173600613033,2.80492635943481,2.8446467574662915,2.8868143322213444,2.926376766225838,2.970593532498621,3.020070957328478,3.0655158727058214,3.120192474543653,3.1819130163517437,3.7788571428571425
2020-05-01,2.282355925519928,2.246095353858288,2.3097916187168974,2.394366878662336,2.4749628966740365,2.5138760075671143,2.5435573952367587,2.5729356208694267,2.6036655157285202,2.6363884673811793,2.6562435938032256,2.742244673031469,2.7931957577845914,2.827946247381271,2.8625053056799534,2.9033188025733545,2.943010707806863,2.983594014881453,3.0239770451248376,3.064360075368222,3.123938595107098,3.1932968766959062,3.786818181818182
2020-06-01,2.103037397271895,2.1433858443767084,2.2214679474614774,2.3065635925466528,2.3694973795440735,2.424150968875555,2.481033763384112,2.5525807032559005,2.626221249948631,2.702685204044047,2.7887903203216755,2.833222363423695,2.8652441772213684,2.895932774235941,2.9266552665413106,2.9576924016638766,2.9753919157415445,3.0021618722871493,3.030849638339868,3.059537404392587,3.1142940519196185,3.1783861289467055,3.7706666666666666
2020-07-01,1.869863297116586,1.8771430864198284,1.9978508888056845,2.1147746179082723,2.186700539997826,2.258205882342606,2.3248747206007745,2.3986148648753858,2.4884463265294534,2.570083563186317,2.64023046229079,2.7248178107557415,2.768777009201689,2.801618565910775,2.8339775114340946,2.8671178916246762,2.8821167254992166,2.9252411968142717,2.960576513242665,2.9974418437221795,3.05056292084696,3.10826375920009,3.6723333333333334
2020-08-01,1.5352463196704413,1.5700871070319515,1.6531763933850152,1.7971912008193949,1.8698820092902355,1.9547024999076612,2.034481639132151,2.113969496185278,2.1867613595704634,2.262034137656348,2.335371021136088,2.3967007736893073,2.455047647010607,2.5013013925365395,2.5471061904007284,2.594941458959227,2.6430955349963123,2.6924916768445315,2.742245668344251,2.7919996598439707,2.8477529904982353,2.904699489344328,3.4591428571428575
2020-09-01,1.5628576156260854,1.604159338086098,1.693084879462838,1.842868259462307,1.9146819318478308,1.9897284512378677,2.065271203791314,2.1280984760596677,2.2023794803172,2.279563755927452,2.3507657413499907,2.4024695620578487,2.4511941842894616,2.499528304530804,2.5478637135204525,2.597650738511949,2.6492953628899434,2.690086448523686,2.738678355346692,2.7898700534904544,2.851128514932766,2.9126118411134536,3.466
2020-10-01,1.527034405580414,1.5573819154620396,1.684850599796709,1.8504715684259627,1.9280517342494845,2.008199328413099,2.089638952905355,2.160122523198929,2.232278865720601,2.3060508246964,2.3739921441340006,2.434723029715469,2.483483276299749,2.5379614320362225,2.588115064622877,2.6228420655164655,2.6648140946361787,2.6930582995864722,2.721696681314056,2.754388759943899,2.827358676604604,2.895619483268466,3.4567727272727278
2020-11-01,1.4944108445423623,1.5270684591752335,1.647857791620871,1.8379221442566405,1.9330695766291388,2.01250760331258,2.090944005182018,2.160320124096102,2.231635129619458,2.3051739520584156,2.375922616771249,2.4484770862385057,2.5101640901718265,2.572807389865858,2.6290766709004383,2.668233501783747,2.701660825103342,2.7157213930905,2.727375772570425,2.747038882851487,2.8147356722519765,2.88037166805899,3.4585999999999997
2020-12-01,1.5488945499160283,1.6402881271105418,1.7662263284784765,1.9184319532720748,1.9992962501035365,2.084869268165375,2.171639196877392,2.2355496189462776,2.299315856829861,2.360916580535482,2.441162216505707,2.491409796964735,2.549152637881351,2.610176540676726,2.679908936694551,2.7537273771812707,2.801741940805712,2.8259161993435153,2.8493434845011834,2.878681412632965,2.928018311413821,2.9755064695235913,3.4599999999999995
2021-01-01,1.5313623849580373,1.5774181720547316,1.7571868252852305,1.9850882754777188,2.080916810641717,2.124946299122635,2.179809567243776,2.2559250943741307,2.317174196107805,2.3710225838100896,2.4301668223251807,2.5004319279643608,2.5690259818583616,2.6291444766151786,2.6802038792854574,2.723566709882759,2.770925455406971,2.8208088780239193,2.8694298306587123,2.9178647677139096,2.9650818200113433,3.01043158182317,3.44158762972512
2021-02-01,1.4379940754735048,1.4518092093600532,1.5671291083075516,1.7558987263184895,1.8511430858930997,1.9222002023248173,2.0003936056292435,2.079205325029427,2.154672952178756,2.2267873334057864,2.3003103974346804,2.367171295813411,2.4340904498448417,2.499210924350697,2.5623251154841,2.634676141892837,2.6912347304606232,2.7464735347944123,2.806574698801632,2.8606081754052073,2.905832005854846,2.9479946592827972,3.3529610604877673
2021-03-01,1.381550254556951,1.4257854351872106,1.5464995220286548,1.6729809072507844,1.7578746457387133,1.8409179552833688,1.9216835122459237,2.0001586236866187,2.077633939828803,2.154871880552597,2.2301059977872084,2.303869450735464,2.3752322903475274,2.4448215276721874,2.512120961399823,2.5759612830130405,2.6329180676076835,2.6734112563359043,2.7161195864812706,2.760245120317971,2.8058797643563174,2.851408250093262,3.3006777807753958
2021-04-01,1.3582831744514974,1.4251189055243674,1.5378018503059752,1.6695394009399254,1.7611769045185877,1.8509273060661928,1.9368825524931736,2.020802971093788,2.1009351432545444,2.1757530144387673,2.2538621914651076,2.321840984891968,2.3827993874523017,2.44375067427555,2.5010161129146473,2.560566058149721,2.6168792196753374,2.6595009852332474,2.700130343528665,2.742168673937742,2.785268809825139,2.8293214605827557,3.266695652173913
2021-05-01,1.3699739781682965,1.4436369631805392,1.551894868833183,1.6952707499230335,1.786858946966109,1.8796339674183642,1.9662484678631318,2.0453946324850145,2.122435124786795,2.1977677361630414,2.273620115737353,2.3477904023693936,2.4181905855236905,2.487806129871043,2.5384995484204214,2.582731274081228,2.625101399227684,2.66604723504756,2.7072467689301587,2.7489351829409916,2.790947185375574,2.834367601266511,3.2645
2021-06-01,1.3759975818306014,1.4461906783681335,1.547021696194707,1.6777243524099095,1.7711274046481176,1.8621933112710352,1.9517912051628006,2.02780328628296,2.1029527421960816,2.1788922677904394,2.259333279674153,2.3272135624962718,2.3931882487462826,2.4591082692779977,2.5162488961248055,2.5654755798778903,2.612743955150356,2.6552828370272197,2.6971865283353704,2.7399160597907093,2.7830151862438157,2.827235111863355,3.266
2021-07-01,1.3926406577092996,1.4391815619251935,1.5417754375525796,1.6862801899773714,1.7873017555517754,1.8810838632684008,1.9716385553014069,2.0470283773562823,2.1145303460993494,2.1852630769350445,2.256621173547533,2.3300611648226455,2.389017969312169,2.446441354790806,2.507276586018748,2.5603212005571963,2.6038994718373,2.6444594940512816,2.684983986009041,2.731630871054493,2.779726705285773,2.8280460194720876,3.2659090909090907
2021-08-01,1.4051951474868936,1.4536367572708027,1.5592633136891119,1.712785393973622,1.8311865330473405,1.9181286400082769,2.0040843039294445,2.075628694868677,2.1326450874792897,2.1969786672931235,2.264744679793377,2.329375145194212,2.388519454364617,2.447514221203419,2.506876354223157,2.555266120988089,2.604856298047866,2.646557066589674,2.6879408517168457,2.733807671766933,2.7802060643517175,2.826744958728617,3.2642666666666664
2021-09-01,1.4091992866644942,1.443590361868768,1.5718200618083629,1.7523381788742953,1.8556680373040908,1.947498165697106,2.0276280983607413,2.093419719697531,2.1550998825833134,2.2165347648466316,2.2820695030803035,2.3445347223240383,2.393602455625271,2.443806286601528,2.5054842932679375,2.5640505419983324,2.6142903042158583,2.6518511841382457,2.688540813779986,2.734257990550672,2.7801550902070864,2.826148865453895,3.2619999999999996
2021-10-01,1.4362386365363924,1.47834907357243,1.569791467281001,1.7436970588323442,1.8432327968028164,1.9344569308563784,2.030810810908992,2.099217851161649,2.1643722973285926,2.2316172241527963,2.304166754637464,2.3672126175113246,2.412802412736126,2.458456446055865,2.510259151450052,2.5707153355090298,2.618398429225778,2.663182943239845,2.7070521095271687,2.752051380641952,2.796442614078718,2.8398832041042383,3.2612727272727273
2021-11-01,1.4603690164392282,1.4961865054620838,1.5749035113427972,1.7282463434026225,1.8363442907803678,1.9358268614607441,2.0287909123822705,2.097683658420776,2.160779243139527,2.2275438669598935,2.2964884502271254,2.364934242220345,2.425764601832288,2.482211939978845,2.5247321544072903,2.572843450441695,2.6252529903278408,2.667671250499184,2.710433361733653,2.7551761737590965,2.7983582440521255,2.8405930200579435,3.254578947368421
2021-12-01,1.451135314669346,1.4835684932514759,1.5687177678612236,1.7056032960122565,1.815535094881901,1.9091374072067662,1.9986039585272568,2.067642875616154,2.1341591936940336,2.1967025569009646,2.259205736344015,2.3286290341628373,2.391720878468445,2.454373695897091,2.5092090072736006,2.5614994375100695,2.6135268267134215,2.6575796214517995,2.7065155865730435,2.7711511610631456,2.8226433006292417,2.8642749305022575,3.24515
2022-01-01,1.5090532777987529,1.5219211440739262,1.589381921349121,1.7225151474819405,1.8231442141104597,1.9083845241162174,1.992942261027847,2.068467056023284,2.124716799915858,2.1910904323021327,2.2635797809957467,2.3280237328575644,2.38945942825745,2.4535131599061075,2.495161233192315,2.5335637807544553,2.5777624901155165,2.624151985335454,2.680054887464648,2.7537670557723315,2.8030171854239576,2.840599692151956,3.23804347826087
2022-02-01,1.5324907082177532,1.5552643561620452,1.6188665570451053,1.7758298184711634,1.8523143076770308,1.9431747339427865,2.0455994677751326,2.1055853288989073,2.142642875475288,2.1984300026605927,2.268826235415621,2.335951688019267,2.3964753485476877,2.4545228900934575,2.4771253993286155,2.528153765197167,2.5903010082819486,2.635371705367228,2.6884256029046627,2.7526543786697557,2.8052282135868603,2.851530106207031,3.2423
2022-03-01,1.5335722603785105,1.5641432573670495,1.6436147056235462,1.8078541838695223,1.9034179328587104,1.9977217880743425,2.0884761290334235,2.148005804588414,2.206004560642592,2.2670157998418157,2.3343769347898196,2.4004050787730353,2.456107230355758,2.5160010226459297,2.576234110010657,2.624666906475846,2.668132880360557,2.69935523063115,2.7368179294080144,2.7818122484120154,2.8213789419229274,2.859502671396838,3.2256500000000004
2022-04-01,1.550586365928757,1.567496160599134,1.6387691694368027,1.8133395396873657,1.9159201375926895,2.0169581144171667,2.1112887620911143,2.1642730204328693,2.214960006443956,2.2830825566525728,2.3634588751579213,2.4242373892428115,2.48323677613726,2.5418499383674074,2.59396133282723,2.643065170512528,2.683069882019231,2.7209250027462715,2.7629030971268387,2.80808200113336,2.843782733048312,2.8783372039955646,3.184869565217391
2022-05-01,1.5849879951980794,1.5917520486238974,1.6577396709488548,1.8302267520160878,1.9378334504738266,2.0585552139071703,2.1720000351787387,2.230330028950936,2.264334633588183,2.3156330114967014,2.385581984988471,2.449942768558235,2.5129519342073556,2.554979044576939,2.6011181380530424,2.6483246266523164,2.6921787950045513,2.735964046719292,2.7802770070952847,2.824717585814261,2.865724693204515,2.9066895333991742,3.2453333333333334
2022-06-01,1.5771608615689865,1.6201013005254286,1.7373347888965345,1.9406589206610068,2.0255448683437076,2.1295527265061738,2.2111371024250284,2.2714156067498674,2.306644054995787,2.3456773599471634,2.4176931247395617,2.4909324258348136,2.550498289865679,2.588663341747709,2.6196008188814313,2.666496668320369,2.7179564509328253,2.77657769977581,2.831703109068566,2.884500838081765,2.9207695668799483,2.957038295678132,3.2578000000000005
2022-07-01,1.6172500016893279,1.690425513518256,1.7765035937026212,1.9916644593674624,2.128533490724001,2.2082540995692552,2.290639622999105,2.350174043853395,2.3645598713969664,2.3808981689946367,2.4301879906454045,2.4900050031177936,2.5234023391903473,2.58870606983084,2.6435412659243873,2.7086512163564787,2.776122392075805,2.8434965259054223,2.871987194049095,2.894067451332765,2.9284375932024544,2.962807735072143,3.258909090909091
2022-08-01,1.650082100830717,1.7368506304018663,1.8585781034411049,2.0320280890663676,2.150721124499175,2.21771692477495,2.279822927473929,2.3293809941929435,2.381230507281575,2.4346466180831774,2.4818778804562016,2.5417138648206867,2.63276982500084,2.714872870674861,2.736708404266019,2.7594498219480252,2.7977643615492114,2.836080157037367,2.875196147461913,2.913763662741782,2.949663500422276,2.9855633381027706,3.31
2022-09-01,1.7787219073361076,1.879759629816252,2.0080411325023313,2.1377769723537314,2.1782963912798827,2.1864546675981176,2.2316819775523458,2.28597761161267,2.33851566860111,2.3827502829677214,2.4264599057219587,2.482242268924277,2.5377635976156627,2.6185405882173587,2.695757510667743,2.7688844221866553,2.8056121933592566,2.84233517964383,2.875704471415896,2.9088571486082357,2.9417546998534982,2.9746522510987616,3.3099999999999996
2022-10-01,1.9237334828456176,2.052195514297052,2.186042860751637,2.3709572487776693,2.385813656610262,2.450574198692534,2.52165026527304,2.5295138517234426,2.5395858444332355,2.5506303490441167,2.5787089314830784,2.617693761904969,2.6471149491331953,2.7118919429865667,2.802853547685515,2.8932495139337666,2.9417117255803293,2.9760294416943394,2.9603967353256477,2.968658021209991,3.0105364952919937,3.0524149693739955,3.3670909090909094
2022-11-01,2.257259656038406,2.363826355507577,2.3727478404833366,2.489622772761722,2.5340541302503805,2.6514951216120464,2.8212429815962388,2.891325670050792,2.9642981858020385,3.048593489320304,3.1188725931516004,3.169317941178993,3.219136481034392,3.270461875004956,3.316528149809262,3.367073691327157,3.4051047799814675,3.4409101219856204,3.473346061569361,3.504134449648712,3.533248969555035,3.562363489461359,3.6100000000000003
2022-12-01,2.464730286281179,2.581371294769331,2.7530240338430696,2.8112443686238984,2.7555587597263065,2.7589497526576268,2.806790940820005,2.9015755995351133,3.0121287801337937,3.110152998700498,3.1602434321510593,3.164042570162389,3.164837656452664,3.2047800849064934,3.271776283066348,3.3307187958869244,3.3927816881885624,3.447546948646485,3.4779058721984293,3.5025827422994538,3.523541079575975,3.544499416852496,3.6100000000000003
2023-01-01,2.8109932586923656,2.9190936604279654,2.9585352843514205,2.979555124923508,2.964401012611017,2.9463094526733515,2.9434979733158504,2.992586454781312,3.046162724922915,3.0972615480077623,3.152597024399485,3.205166565987041,3.2535129957333484,3.2945794489848708,3.3138401951769483,3.3713079033716356,3.4031826060523263,3.4382294102498325,3.4791150012131635,3.5005348315209943,3.5116576755506173,3.52278051958024,3.609272727272727
2023-02-01,3.121086001180436,3.2608210836952325,3.5135017700325415,3.6141730102679532,3.647073419537853,3.7093428678649447,3.76733143233614,3.8241675137880575,3.8838497666359464,3.945323908104806,4.001739109581034,4.054522158024601,4.115380677568726,4.1712418458098055,4.221442424791592,4.281220069457215,4.335653194244812,4.390148878240443,4.4447511445905,4.489591689741064,4.531059555936855,4.572527422132646,4.893800000000001
2023-03-01,3.0574540816326534,3.1639051144848183,3.486256346441015,3.7805130952380948,3.8913669068504597,3.94387186716792,3.99637682748538,4.034484415584416,4.070826406926407,4.107168398268398,4.186089115646259,4.2841673469387755,4.3467636436597115,4.3925351123595515,4.43830658105939,4.48407804975923,4.529849518459069,4.575620987158908,4.621392455858748,4.66685960591133,4.711810344827586,4.756761083743842,5.12
2023-04-01,3.0683899374967383,3.1881767636290776,3.464423471191233,3.7696151153611273,3.905670674640412,4.0007729903034095,4.08613896818967,4.131768864525818,4.172725522264814,4.218464296572992,4.36244160808136,4.536234016938067,4.621747116128732,4.672085855171524,4.722424594214317,4.766749502565179,4.808364857231913,4.8455362883078825,4.88030762563019,4.972772699194201,5.073715876063282,5.174659052932364,5.3657795711112115
2023-05-01,3.0511325187969924,3.201117446810958,3.521017543859649,3.841667627147559,3.998071375169854,4.141656430954553,4.224171803932271,4.299417195248012,4.374661020147711,4.455853060724534,4.538640336843368,4.631215137511852,4.724685779148575,4.818004518338099,4.911323257527622,4.981318404256643,5.043356400515907,5.1053943967751705,5.167384024022917,5.209213370547944,5.250624625980959,5.292035881413973,5.614736842105263
2023-06-01,3.027889588452089,3.1361286127318735,3.4070599104200623,3.7262827752837095,3.9054100949145463,4.067921484121526,4.175034672531849,4.27124021339002,4.367445754248192,4.4627809730078845,4.557721164186133,4.64379532542258,4.725365093577474,4.806617007037939,4.887868920498405,4.963972249887922,5.038495603879412,5.1133213576274805,5.185748811497929,5.228836464223391,5.271924116948852,5.315011769674314,5.637727272727273
2023-07-01,3.01440022993311,3.1063171623062926,3.3496086080586083,3.627695704122609,3.7802683215106105,3.9221084109373985,4.013962881676696,4.100651826401642,4.1862811092677195,4.29356686862237,4.400913894136151,4.4845279676312515,4.56776467790865,4.647120812377839,4.726476946847029,4.8026591991589,4.878529096467018,4.954181071819095,5.025618573887982,5.074792312923892,5.123966051959801,5.173139790995711,5.530117831074035
2023-08-01,2.976248412698413,3.063798591028854,3.293366091051805,3.47041548137382,3.5954999859645853,3.7109551243422274,3.78308689370323,3.8531270779185087,3.925013236763237,4.01983162561123,4.114575054794477,4.208805725902464,4.303081283410601,4.397823456905092,4.492482241153768,4.573785916110916,4.654912400372873,4.733920677027901,4.802937258545512,4.854989714006473,4.907042169467434,4.959094624928396,5.348856100104276
2023-09-01,2.9828050867783014,3.0487191448007773,3.2620548187993914,3.435683157462741,3.57436006209129,3.69590025093751,3.7682814987150253,3.8377965734746597,3.909992673366734,3.9973543718186577,4.083896661085982,4.165846605798687,4.247639963155557,4.328761583449713,4.410315141947066,4.497475106945953,4.584635071944839,4.671156427432935,4.74652928106588,4.800076187747566,4.8536230944292535,4.907139165610717,5.3
2023-10-01,2.9950828215901746,3.0717387467807633,3.2739864502594327,3.4640488513922154,3.587744048993556,3.6975822033315056,3.7820316776191047,3.866481151906703,3.948804600233038,4.025592347424026,4.102797214887987,4.1820376616713455,4.2631890979512335,4.344340534231123,4.42561049276901,4.507650181734279,4.589843648920521,4.669677306479775,4.738294375893627,4.792651287305799,4.847008198717971,4.901334643397995,5.298235294117647
2023-11-01,2.921025902244015,2.993989773491814,3.1585603939591365,3.422753779449227,3.538733377189025,3.6435339976607537,3.7394830560157883,3.834240916836146,3.9237193343189225,4.002849277217363,4.081979220115803,4.162247244705021,4.244305049855989,4.324579902411763,4.404854754967537,4.48512960752331,4.568891713358531,4.660659610782181,4.7326358643245765,4.7874754813085545,4.8423150982925325,4.896802681180464,5.290588286409454
2023-12-01,2.9317904888006927,2.978716839849493,3.1114738234475077,3.350204923300651,3.4809534907148016,3.5934830139269565,3.68951281815425,3.784135563091284,3.875197369716789,3.9606920021536176,4.0461866345904465,4.130249773520974,4.211684541466481,4.292409698973479,4.373134856480475,4.453860013987473,4.542888009079535,4.649097013338912,4.725052165382454,4.778861884216317,4.832671603050181,4.885967287506334,5.261904761904762
2024-01-01,2.9434613931042506,2.984214380196523,3.0944243673700376,3.278391398173001,3.393070069594671,3.4861206056748224,3.563339566522055,3.6394626902950424,3.718216021819298,3.7999452097359288,3.881674397652559,3.956746123127466,4.0249702875584505,4.0936624424288555,4.1623545972992595,4.231046752169663,4.321487386102945,4.444752891978799,4.527552728853469,4.588803675446288,4.650054622039105,4.710794854029148,5.1500490091845545
2024-02-01,2.8912279783708352,2.981138201182112,3.076810066704892,3.2275036339322054,3.3057383219327767,3.3776621603079557,3.429899262566052,3.4755171503273825,3.51971376239184,3.576989794643972,3.6407633677674887,3.7052375042553973,3.7663513992667066,3.8241612907565523,3.881971182246399,3.9397810737362446,4.007858511182893,4.105934003578051,4.191693166612399,4.271881772426592,4.352070378240783,4.428596996019011,5.0730347031678225
2024-03-01,3.0132311548101023,3.0829413851022025,3.160777149485283,3.2973258237168013,3.362555298849099,3.427794486215539,3.4805071082509014,3.5302978802065197,3.5800886521621376,3.635612039653273,3.69423895069258,3.7528658617318866,3.804654898902848,3.8523557063156706,3.900056513728494,3.9477573211413177,3.9954581285541404,4.045222607010332,4.094942461018815,4.144662315027298,4.194382169035782,4.2553717796011785,4.998413094780747
2024-04-01,2.99583840266876,3.023478858973797,3.104669102526312,3.243349540604837,3.2971911562380867,3.350940229193888,3.409108988346185,3.4670050341468315,3.524019730392593,3.5886154341536187,3.655620295071149,3.7226251559886805,3.7783623894902094,3.829191263804684,3.8800201381191592,3.930849012433635,3.9816489434894233,4.026782664440335,4.071064642182177,4.115346619924018,4.15962859766586,4.215325297226478,4.87952380952381
2024-05-01,3.0063247492415095,3.062427577815333,3.1426369220676076,3.247399118165785,3.3030466000173218,3.3599161264358433,3.4198079309290246,3.479623863907419,3.539303218224645,3.6047545921469766,3.6713589705416814,3.7379633489363866,3.7906070337742204,3.839922785703286,3.8892385376323526,3.9385542895614183,3.9877727661676445,4.032856286347232,4.0772845200108785,4.121712753674525,4.166140987338171,4.223793013555788,4.863333333333333
2024-06-01,2.98558832894159,3.0383255043782995,3.1103254473211366,3.2208612777034706,3.2915815251137115,3.3602483094747693,3.424136941252479,3.4877851235889206,3.5512578120203595,3.6133076884251194,3.6752404532583913,3.737173218091664,3.7876733687215673,3.836096263763664,3.88451915880576,3.932942053847856,3.9808586686789598,4.0248708732311895,4.068577482264706,4.112284091298222,4.1559907003317385,4.211914651666259,4.826907882263722
2024-07-01,3.0024776991110453,3.0555680369047575,3.126983665559247,3.2204442422964017,3.285616567714302,3.349603850749012,3.41190525528832,3.473636245589898,3.5351268449543385,3.593724275132244,3.6522628452605357,3.7107828363591864,3.7611319770752556,3.811184865524252,3.8612377539732483,3.9112906424222453,3.9607573680011448,4.006642207543565,4.0523425383832405,4.098042869222917,4.143743200062593,4.200699146351,4.793997508979261
2024-08-01,2.692346429369673,2.7215124147545686,2.790942019250998,2.901201253201658,3.0089688373678145,3.1076932692185624,3.1790416813147755,3.2499504392408287,3.3199860268137598,3.3945137721346157,3.4690415174554716,3.5420474899516607,3.5945127080843964,3.6460562920349346,3.697599875985473,3.7491434599360107,3.801502226026852,3.8547848593121774,3.908050345690906,3.9613158320696344,4.014581318448363,4.072070119317399,4.63392940089108
2024-09-01,2.6240940101369494,2.681651311218539,2.7650554387845783,2.846660921940254,2.9300018667643277,3.0145827576480464,3.0992332677179255,3.183990517378489,3.266861465810613,3.3397569569989396,3.412652448187266,3.4833193247979217,3.5400520336820973,3.593076275594647,3.6461005175071968,3.699124759419747,3.754616050484215,3.8135665398775616,3.8725170292709095,3.9314675186642565,3.990380905869961,4.047126666367871,4.583157894736842
2024-10-01,2.6119581943308634,2.6569915888878772,2.7345817953672626,2.79865830434738,2.854905327993229,2.915783456554931,2.983022476559457,3.051114924609994,3.11862321050605,3.179792437841643,3.2406843636211615,3.2994072413686273,3.3507299121697236,3.4052052069692884,3.459680501768853,3.514155796568417,3.5795942093295365,3.6566877091131396,3.736290935806582,3.815894162500024,3.8940339243175988,3.952335032893086,4.483091937765205
2024-11-01,2.6963137203806253,2.712344336418778,2.758019626851095,2.8061432350718065,2.8521875580277936,2.904457168188788,2.962887836112881,3.021541200934144,3.081086571586548,3.1420592531042226,3.2030319346218965,3.2618458945132884,3.3157071616191653,3.3690597243967892,3.4224122871744136,3.4757648499520375,3.5435441014342723,3.6219789429074676,3.701703482304232,3.7814280217009957,3.8564846136515394,3.905542056216756,4.3585714285714285
2024-12-01,2.642296679197995,2.67536886872294,2.6971813052910343,2.751747023131881,2.809134404415966,2.86739711215526,2.9262118021081904,2.984991091230573,3.0495953477648037,3.1221954363563973,3.1947955249479913,3.2561379224038505,3.3014087989050616,3.3465218910081713,3.3916349831112806,3.4367480752143904,3.495589909245569,3.5613423814641654,3.627385086472048,3.6934277914799303,3.756503683628944,3.809646188955339,4.300526315789473
2025-01-01,2.5999930294486218,2.643079574410409,2.667085914878772,2.7225896473396474,2.7841507001507,2.8486443001443003,2.913856018981019,2.978209602897103,3.0513580622535637,3.133283617208826,3.2152091721640885,3.2817030071157376,3.3304588903957097,3.378828926755392,3.4271989631150745,3.474015700993526,3.528176579157125,3.585591394660425,3.643006210163725,3.700421025667024,3.756320741792816,3.8093632699291646,4.2955
2025-02-01,2.4855732171054754,2.5052283465803282,2.5403216511642532,2.619827413895857,2.679452006721481,2.739527994299663,2.802943760080406,2.8715264280978565,2.944369205965745,3.0215834164658775,3.09879762696601,3.1689610860688555,3.224680463305409,3.274257813795824,3.3238351642862405,3.3734125147766556,3.4308589319277587,3.4917055543666815,3.552647158194386,3.613588762022091,3.6720369650072953,3.7264794143654894,4.177442176870748
2025-03-01,2.4996512916907654,2.5456279412349736,2.583453314210221,2.637246367799197,2.7053685881787386,2.7741772799815934,2.8435259477364743,2.907462773509365,2.9697790948226666,3.0320954161359683,3.0944117374492697,3.156728058762571,3.213795404002965,3.268167249108687,3.3225390942144095,3.3769109393201315,3.4331396314129172,3.490710609330898,3.548281587248879,3.6058525651668605,3.663423543084841,3.7209945210028224,4.163358594506067
2025-04-01,2.422835851648352,2.4511366756424793,2.4808101629874866,2.5604805048335124,2.6302427952164793,2.7005976961634857,2.7691865634365636,2.829930189088386,2.8902031529187266,2.9504761167490674,3.0107490805794086,3.0710220444097494,3.1329346076458755,3.195152227832403,3.2573698480189313,3.3195874682054596,3.3794241159114677,3.4381399661584773,3.496820775974219,3.555501585789961,3.6141823956057038,3.6728632054214456,4.085820509193776
2025-05-01,2.2517153507236225,2.266664267333622,2.2906328033539,2.358772193877551,2.436169261912177,2.51449823430618,2.5919644970414204,2.6588621414217957,2.720918142778752,2.7829741441357085,2.8450301454926654,2.907086146849622,2.974712217096939,3.0432741770802534,3.111836137063568,3.1803980970468824,3.2376338202658004,3.2902881792750436,3.3427091151036925,3.3951300509323423,3.447550986760992,3.4999719225896415,3.851528429985856
2025-06-01,2.154598214285714,2.161294719169719,2.1860573929392864,2.2432432425049775,2.3021629011529368,2.362340247521221,2.4339955621301774,2.504275706548565,2.567670852273044,2.631065997997522,2.693965266583266,2.7567974395754193,2.8302153567066237,2.9047336362971494,2.9792519158876756,3.0537701954782017,3.117663748756452,3.1774125179623662,3.2367556267909223,3.2960987356194784,3.355441844448035,3.414784953276591,3.8195
2025-07-01,2.102501366843034,2.1510297300738475,2.1694607007979103,2.2117261969623856,2.2939892490934835,2.3770250065103316,2.4542549544472623,2.5200403918217344,2.5818053033663815,2.6435702149110285,2.705335126455676,2.7668255906708166,2.827588484206365,2.888295868609402,2.9490032530124384,3.009710637415475,3.0642256271593813,3.118415452405989,3.1726052776525964,3.226795102899204,3.2809849281458114,3.3351747533924194,3.7477777777777774
2025-08-01,2.15734126984127,2.164776199736093,2.1827311755642476,2.2300800554392044,2.2890375623929056,2.346879459931655,2.4036427001029277,2.4670593822461235,2.533559659953874,2.600059937661625,2.6665602153693757,2.73371372002769,2.8100724989305115,2.886431277833333,2.9627900567361554,3.039068792777334,3.0904743981689404,3.1403647881194456,3.190228223892053,3.240091659664661,3.2899550954372687,3.339818531209877,3.7352344547591345
2025-09-01,2.156343570191609,2.185240272391008,2.1950174338472213,2.2335337606646646,2.2886413633203038,2.3435407482677246,2.400068635068635,2.465042629555291,2.5312857919871403,2.5975289544189892,2.663772116850838,2.730402266947327,2.799055021439648,2.8677077759319687,2.93636053042429,3.0039435294384402,3.0573368663893046,3.1087319698859135,3.160127073382522,3.2115221768791304,3.262917280375739,3.3142979301930686,3.73
2025-10-01,2.093921184371184,2.145919362937483,2.175792948717949,2.2523226720551444,2.30811866741366,2.3639146627721743,2.419842782217782,2.484963450014877,2.550156604751262,2.615349759487647,2.6805429142240316,2.745782334257115,2.8104907698860666,2.8751992055150177,2.939907641143969,3.004373385081235,3.0669975273580654,3.113408154000721,3.159818780643376,3.206229407286032,3.252640033928688,3.299042263692899,3.7335000000000003
2025-11-01,2.1946604241169463,2.2171914170350417,2.2436895189991906,2.343939923271391,2.413467026789895,2.482994130308398,2.552521233826902,2.610019113069268,2.6675169923116346,2.725014871554001,2.7825127507963674,2.8400106300387336,2.9026818274541344,2.965353024869535,3.028024222284935,3.090695419700336,3.1533666171157364,3.193336175122858,3.23330573312998,3.2732752911371015,3.313244849144223,3.3532144071513446,3.7770481026431515
2025-12-01,2.213177083333333,2.222968281718282,2.274574029403298,2.3926698538764515,2.4684658166021745,2.5442617793278974,2.62005774205362,2.6829428317009496,2.745827921348279,2.8087130109956084,2.871598100642938,2.9344831902902673,2.9907401554363116,3.0469971205823563,3.103254085728401,3.1595110508744453,3.21576801602049,3.254512228742799,3.2932564414651075,3.332000654187416,3.370744866909725,3.4094890796320336,3.842777777777778
2026-01-01,2.2665330864787387,2.2788336331187993,2.3421908629672608,2.456953487298418,2.5213021553173873,2.585650823336357,2.6499994913553264,2.7194216275057204,2.7888437636561143,2.858265899806508,2.9276880359569013,2.9971101721072952,3.05915926706626,3.1212083620252242,3.183257456984189,3.245306551943153,3.307355646902118,3.3389280180007748,3.3705003890994307,3.4020727601980876,3.4336451312967444,3.465217502395401,3.8526086956521737
2026-02-01,2.2820440476190478,2.3282605042016806,2.4467884615384614,2.5685590039648223,2.645087305141648,2.721615606318475,2.7981439074953007,2.8528141333738395,2.9074843592523782,2.962154585130917,3.0168248110094558,3.0714950368879945,3.12867048902386,3.1858459411597257,3.243021393295591,3.3001968454314565,3.357372297567322,3.3953688493362626,3.433365401105204,3.4713619528741453,3.509358504643086,3.5473550564120275,3.9276000000000004
2026-03-01,2.284347015729369,2.311896170006464,2.3761853146853147,2.5091405110637166,2.61423698063536,2.719333450207004,2.8244299197786473,2.8717809948598876,2.919132069941128,2.9664831450223685,3.013834220103609,3.0611852951848495,3.1192219692119014,3.1772586432389534,3.2352953172660057,3.2933319912930576,3.35136866532011,3.400187322637983,3.4490059799558566,3.4978246372737303,3.546643294591603,3.595461951909477,3.9875
2026-04-01,2.2794505494505493,2.345865946553446,2.4374678167955066,2.5840744944311274,2.7062579035531487,2.828441312675169,2.95062472179719,3.000555608755936,3.050486495714683,3.1004173826734287,3.1503482696321754,3.200279156590921,3.2504776740785055,3.3006761915660894,3.3508747090536737,3.401073226541258,3.451271744028842,3.493529446142451,3.5357871482560603,3.5780448503696696,3.620302552483279,3.662560254596888,4.046
2026-05-01,2.261700487012987,2.310176528017437,2.386787672355695,2.5289304562110733,2.647855677281687,2.7667808983523012,2.885706119422916,2.9543160082753612,3.0229258971278057,3.091535785980251,3.1601456748326964,3.2287555636851413,3.292350880543754,3.3559461974023663,3.4195415142609793,3.483136831119592,3.5467321479782044,3.581621747699781,3.616511347421358,3.6514009471429345,3.6862905468645106,3.721180146586087,4.0190909090909095
2026-06-01,2.2321741472195624,2.258629320506483,2.304862107573324,2.430914652087396,2.5640912106063265,2.6972677691252573,2.8304443276441873,2.900344257633557,2.970244187622927,3.0401441176122965,3.1100440476016664,3.1799439775910363,3.248260778128286,3.3165775786655356,3.3848943792027852,3.453211179740035,3.5215279802772845,3.5564464461238163,3.591364911970348,3.626283377816879,3.661201843663411,3.6961203095099426,4.0064705882352944
2026-07-01,2.2262308994110462,2.255445153061224,2.320782389568731,2.46426616872466,2.605140748437066,2.746015328149473,2.886889907861879,2.965016034270724,3.0431421606795688,3.1212682870884136,3.1993944134972585,3.2775205399061034,3.347107689248001,3.416694838589899,3.4862819879317968,3.5558691372736946,3.6254562866155924,3.6463307647945955,3.6672052429735986,3.6880797211526017,3.708954199331605,3.729828677510608,4.055625
