Date,beta0,beta1,beta2,Taux directeur,europe_beta0,europe_beta1,europe_beta2,Taux directeur_diff,beta0_diff,beta1_diff,beta2_diff,europe_beta0_diff,europe_beta1_diff,europe_beta2_diff
2017-01-01,4.898245827544494,-2.6833950410915888,-2.002550488568455,2.25,1.656032103073423,-2.4023948279547667,-3.4236195712568174,0.0,0.0,0.0,0.0,0.0,0.0,0.0
2017-02-01,4.729566893261175,-2.468176609607654,-1.380875398724715,2.25,1.749656800818352,-2.379198741826595,-3.713812235058409,0.0,-0.16867893428331815,0.21521843148393494,0.6216750898437398,0.09362469774492888,0.0231960861281717,-0.2901926638015917
2017-03-01,4.682222445706525,-2.481941362710185,-1.0481240981566915,2.25,1.79445429352015,-2.4576108604428493,-4.056766583066706,0.0,-0.04734444755465006,-0.013764753102531113,0.3327513005680236,0.044797492701798,-0.0784121186162543,-0.3429543480082966
2017-04-01,4.995166079467858,-2.8486873876507337,-1.7414241812673552,2.25,1.827561358615148,-2.613090064879726,-3.573627874947859,0.0,0.31294363376133294,-0.36674602494054875,-0.6933000831106637,0.033107065094998056,-0.1554792044368769,0.4831387081188465
2017-05-01,5.000778609791246,-2.826277372188181,-1.767370396211605,2.25,1.6456445720500574,-2.343772014822693,-3.5585937018278404,0.0,0.005612530323388043,0.022410015462552835,-0.025946214944249757,-0.18191678656509058,0.26931805005703335,0.015034173120018757
2017-06-01,5.227396222835453,-3.106612022357223,-1.8845389870403724,2.25,1.8441877302734644,-2.506177895294437,-3.5290333313525224,0.0,0.22661761304420658,-0.280334650169042,-0.1171685908287674,0.19854315822340696,-0.1624058804717441,0.02956037047531801
2017-07-01,5.305214348533844,-3.147299334901289,-2.0322572120921785,2.25,1.7848861263012938,-2.4198740510716283,-3.462905873591385,0.0,0.07781812569839097,-0.04068731254406632,-0.1477182250518061,-0.05930160397217055,0.08630384422280857,0.06612745776113726
2017-08-01,5.29300132531304,-3.051816981370126,-2.040491698984289,2.25,1.956400460707622,-2.584780408056876,-3.486067963486278,0.0,-0.012213023220803976,0.09548235353116308,-0.008234486892110482,0.17151433440632813,-0.1649063569852478,-0.02316208989489299
2017-09-01,5.278959958411552,-3.0556613509421893,-1.998949243195267,2.25,1.80494112996256,-2.445606096482205,-3.5546038660693307,0.0,-0.014041366901487606,-0.0038443695720631332,0.04154245578902205,-0.15145933074506202,0.13917431157467108,-0.06853590258305253
2017-10-01,5.260691432658924,-3.044406552001293,-2.090039468481668,2.25,1.8701557899298604,-2.566367095345368,-3.5316279633668874,0.0,-0.01826852575262805,0.011254798940896205,-0.0910902252864012,0.06521465996730047,-0.12076099886316305,0.022975902702443207
2017-11-01,5.164954530421021,-2.9718228951582093,-2.1560740957294224,2.25,1.884003990946905,-2.5815232188397115,-3.595025331305955,0.0,-0.09573690223790354,0.07258365684308377,-0.06603462724775433,0.013848201017044648,-0.015156123494343365,-0.06339736793906736
2017-12-01,5.115481093574306,-2.945589126867283,-1.946020261391604,2.25,1.843680639912604,-2.56160991619512,-3.4874390397195887,0.0,-0.049473436846715124,0.026233768290926385,0.21005383433781843,-0.04032335103430107,0.019913302644591457,0.10758629158636612
2018-01-01,5.023737573394383,-2.8067804726694114,-1.737237696256966,2.25,1.7225184140284178,-2.516092398681133,-3.022836031358907,0.0,-0.09174352017992238,0.13880865419787147,0.208782565134638,-0.12116222588418624,0.04551751751398703,0.4646030083606818
2018-02-01,4.920095482842811,-2.651202462824115,-1.4047635974841244,2.25,1.769422994239857,-2.3653677035785403,-3.1369657738166974,0.0,-0.10364209055157225,0.15557800984529635,0.3324740987728416,0.04690458021143917,0.15072469510259268,-0.1141297424577905
2018-03-01,5.100691137386462,-2.839115651909752,-1.908443080428203,2.25,1.7771872975973009,-2.350196835076586,-3.337783839514867,0.0,0.18059565454365067,-0.18791318908563692,-0.5036794829440787,0.007764303357443936,0.01517086850195426,-0.2008180656981695
2018-04-01,5.1239167296667,-2.9209027082274304,-2.0102550451370225,2.25,1.6757556676517726,-2.3209083358157345,-2.995009279146136,0.0,0.02322559228023824,-0.08178705631767835,-0.10181196470881937,-0.10143162994552823,0.02928849926085153,0.3427745603687309
2018-05-01,5.114902148234638,-2.874764162989339,-2.075780265423701,2.25,1.6573766738793356,-2.280659936379572,-2.918548914294856,0.0,-0.00901458143206213,0.04613854523809158,-0.06552522028667873,-0.018378993772437013,0.04024839943616243,0.07646036485127983
2018-06-01,5.112375922254947,-2.8272896073846883,-2.157606460395998,2.25,1.6458099605374208,-2.2011185550764,-3.2596686056882063,0.0,-0.002526225979690544,0.047474555604650526,-0.08182619497229693,-0.011566713341914836,0.07954138130317201,-0.3411196913933501
2018-07-01,5.06786732782836,-2.7740554008712786,-2.0455062071212846,2.25,1.5868076751213964,-2.142039278232986,-3.3399494334051973,0.0,-0.0445085944265875,0.05323420651340971,0.11210025327471351,-0.05900228541602437,0.059079276843414075,-0.08028082771699108
2018-08-01,5.069708579008827,-2.7562464542142195,-2.085741554241518,2.25,1.4718398256826544,-2.0497682845438017,-3.0700021201808303,0.0,0.001841251180467296,0.01780894665705901,-0.04023534712023347,-0.11496784943874205,0.09227099368918434,0.26994731322436705
2018-09-01,5.047084288325213,-2.72705746695203,-1.993886101446058,2.25,1.487687972979581,-2.072826050094605,-2.9377323887189504,0.0,-0.0226242906836136,0.029188987262189325,0.09185545279546004,0.01584814729692674,-0.0230577655508033,0.13226973146187992
2018-10-01,4.999133725321407,-2.664861289517791,-1.8709239529464392,2.25,1.5461150381723638,-2.129754794965048,-2.746788993593257,0.0,-0.0479505630038064,0.062196177434239,0.12296214849961884,0.058427065192782734,-0.05692874487044319,0.19094339512569336
2018-11-01,4.937686553308548,-2.5994585506155485,-1.6825272276642649,2.25,1.505433239330748,-2.1733569464446902,-2.7049451801245685,0.0,-0.06144717201285932,0.06540273890224269,0.18839672528217433,-0.040681798841615935,-0.04360215147964208,0.041843813468688484
2018-12-01,4.929174625716221,-2.6089113360274374,-1.55475530715729,2.25,1.516570346054606,-2.1939881499107496,-2.696953727939034,0.0,-0.008511927592326884,-0.009452785411888875,0.12777192050697495,0.011137106723858148,-0.0206312034660594,0.007991452185534431
2019-01-01,4.928087818963841,-2.592912094286735,-1.5741537950192417,2.25,1.3594930507848186,-2.096779315864824,-2.3343513587910154,0.0,-0.0010868067523794878,0.01599924174070244,-0.019398487861951752,-0.15707729526978742,0.09720883404592584,0.3626023691480187
2019-02-01,4.961859325770282,-2.611617832200888,-1.7102559241997888,2.25,1.2965928958651534,-1.8364037617576123,-2.773996457994908,0.0,0.03377150680644103,-0.018705737914153087,-0.1361021291805471,-0.06290015491966527,0.26037555410721147,-0.4396450992038927
2019-03-01,5.041008479738939,-2.686191387139708,-2.273916586059813,2.25,1.2528838940253944,-1.7563715488667744,-2.6078023198440934,0.0,0.07914915396865663,-0.07457355493881979,-0.5636606618600242,-0.04370900183975901,0.08003221289083795,0.16619413815081474
2019-04-01,5.066532681396784,-2.7174665774398346,-2.583385321215541,2.25,1.2372880015279473,-1.764586507637175,-2.443953219512298,0.0,0.02552420165784497,-0.03127519030012671,-0.30946873515572815,-0.015595892497447084,-0.008214958770400571,0.16384910033179523
2019-05-01,5.036913128898883,-2.692406592303262,-2.638299004366468,2.25,1.1958708317689697,-1.7154127190551858,-2.5392778376010265,0.0,-0.029619552497901047,0.025059985136572482,-0.05491368315092693,-0.04141716975897758,0.049173788581989175,-0.09532461808872839
2019-06-01,4.975366721046635,-2.6317188943238987,-2.826013535524616,2.25,1.0886616979205457,-1.601341240195628,-2.674328350880792,0.0,-0.06154640785224785,0.06068769797936335,-0.18771453115814785,-0.10720913384842401,0.11407147885955782,-0.13505051327976547
2019-07-01,4.852061662106631,-2.514393531828247,-2.670659614734822,2.25,0.8042604437536963,-1.3219899287645442,-2.567643536737877,0.0,-0.12330505894000421,0.11732536249565184,0.15535392078979404,-0.28440125416684936,0.2793513114310837,0.10668481414291486
2019-08-01,4.813029098159937,-2.4720008131632207,-2.6128671387687668,2.25,0.750556743816665,-1.336304733861359,-2.518130855677346,0.0,-0.03903256394669352,0.04239271866502614,0.05779247596605508,-0.05370369993703128,-0.014314805096814709,0.04951268106053108
2019-09-01,4.7585229834984935,-2.4519724776412515,-2.462325340159901,2.25,0.292756779444184,-0.9993603007747368,-2.1338972135742007,0.0,-0.05450611466144384,0.020028335521969254,0.15054179860886574,-0.45779996437248105,0.33694443308662214,0.38423364210314537
2019-10-01,4.6855265680669245,-2.409874933883253,-2.2885718619180744,2.25,0.3509785899393786,-1.020095837429624,-2.037463353927106,0.0,-0.07299641543156898,0.04209754375799868,0.17375347824182663,0.05822181049519459,-0.020735536654887254,0.09643385964709461
2019-11-01,4.630780882990582,-2.3308728728775265,-2.5064456325315687,2.25,0.4675987860072439,-1.0834411617023838,-1.932791177181456,0.0,-0.05474568507634281,0.07900206100572627,-0.21787377061349433,0.11662019606786533,-0.06334532427275974,0.10467217674564999
2019-12-01,4.494946888849646,-2.1544555406528025,-2.6145106792689643,2.25,0.5888375205841119,-1.1784015507946264,-1.8124148582923305,0.0,-0.13583399414093567,0.176417332224724,-0.10806504673739559,0.12123873457686796,-0.09496038909224258,0.12037631888912559
2020-01-01,4.470181589606775,-2.1082135579780976,-2.83167214374766,2.25,0.6218150919035809,-1.2614286394358012,-1.6655152926915513,0.0,-0.024765299242870853,0.04624198267470492,-0.2171614644786959,0.03297757131946899,-0.0830270886411748,0.14689956560077921
2020-02-01,4.474673946670957,-2.0773539685903404,-3.0467347070580955,2.25,0.6804946078433535,-1.2514481482174475,-1.807677536968588,0.0,0.004492357064181718,0.030859589387757236,-0.21506256331043527,0.05867951593977261,0.009980491218353649,-0.14216224427703672
2020-03-01,4.232338139334456,-1.821619351487392,-2.5658717694137025,2.25,0.4967913782336646,-1.077124749989907,-1.8564089262713528,0.0,-0.2423358073365005,0.2557346171029484,0.4808629376443929,-0.18370322960968888,0.1743233982275405,-0.04873138930276477
2020-04-01,4.157214773544904,-1.736383961361465,-2.348290929031525,2.0,0.1230317724873257,-0.8154950852502723,-1.4746601185631696,-0.25,-0.07512336578955203,0.08523539012592707,0.2175808403821775,-0.3737596057463389,0.2616296647396348,0.3817488077081832
2020-05-01,4.09350981643831,-1.7422389650252796,-2.0384692783177747,2.0,0.2833749337196051,-0.8300033616573235,-1.5981373976488968,0.0,-0.0637049571065944,-0.005855003663814751,0.30982165071375034,0.16034316123227937,-0.014508276407051213,-0.12347727908572725
2020-06-01,4.000906217253074,-1.8382830205805265,-1.453017697157313,2.0,0.2859436182093595,-0.781191289370667,-1.903829917276163,0.0,-0.09260359918523609,-0.09604405555524687,0.5854515811604617,0.0025686844897543915,0.048812072286656516,-0.3056925196272662
2020-07-01,3.95831347831353,-2.051325799460767,-1.3750235631039271,1.5,0.4365691860507559,-0.9530778242388828,-1.877414116871932,-0.5,-0.04259273893954374,-0.2130427788802407,0.07799413405338584,0.1506255678413964,-0.1718865348682158,0.02641580040423097
2020-08-01,3.854873625281733,-2.262841978577996,-1.6848766839538052,1.5,0.324283533962232,-0.8611570970255045,-1.8260387112025684,0.0,-0.10343985303179704,-0.21151617911722864,-0.30985312084987804,-0.11228565208852392,0.0919207272133783,0.051375405669363605
2020-09-01,3.8390722780644735,-2.2034493812566707,-1.6803894157837185,1.5,0.334654347271078,-0.8711331915114386,-1.8559684321995376,0.0,-0.015801347217259565,0.05939259732132518,0.004487268170086711,0.010370813308846039,-0.009976094485934173,-0.02992972099696911
2020-10-01,3.735118612630358,-2.145321216557293,-1.319971452734814,1.5,0.3025955742483845,-0.8455912399115326,-1.8772336449676224,0.0,-0.10395366543411555,0.05812816469937765,0.3604179630489044,-0.0320587730226935,0.02554195159990602,-0.021265212768084796
2020-11-01,3.711017055068476,-2.1646845251514995,-1.1547583096506226,1.5,0.1831583781544997,-0.806884129186235,-1.737345167050462,0.0,-0.024101557561881926,-0.01936330859420643,0.16521314308419144,-0.11943719609388481,0.038707110725297644,0.1398884779171603
2020-12-01,3.81517474810988,-2.175448498889373,-1.24861221848831,1.5,0.1625253932821235,-0.8183766562592061,-1.6232093324536656,0.0,0.1041576930414041,-0.010763973737873744,-0.0938539088376873,-0.020632984872376192,-0.011492527072971104,0.11413583459679644
2021-01-01,3.77080054362782,-2.143498365576978,-1.0785074317029983,1.5,0.166325522790884,-0.877835072061139,-1.4471501834615286,0.0,-0.04437420448206009,0.031950133312395046,0.1701047867853116,0.0038001295087604914,-0.059458415801932896,0.17605914899213704
2021-02-01,3.867216739793382,-2.388134202020018,-1.529155692470335,1.5,0.2083048056444464,-0.7976141149874187,-1.7573913101234713,0.0,0.09641619616556207,-0.24463583644303988,-0.45064826076733655,0.041979282853562394,0.08022095707372023,-0.3102411266619427
2021-03-01,3.8096693119840936,-2.373929534248381,-1.6115568025051696,1.5,0.4585912814684351,-1.0359196494420282,-1.969851345771931,0.0,-0.057547427809288454,0.01420466777163698,-0.08240111003483475,0.25028647582398866,-0.23830553445460945,-0.21246003564845983
2021-04-01,3.7135535636015424,-2.2997154161654465,-1.364405379353178,1.5,0.6091267815383387,-1.1717753883765725,-2.224877176445612,0.0,-0.09611574838255121,0.07421411808293454,0.24715142315199157,0.15053550006990357,-0.13585573893454428,-0.255025830673681
2021-05-01,3.680686660622549,-2.257455583991816,-1.2282107965849656,1.5,0.655338194319461,-1.2303327095009728,-2.287953818687616,0.0,-0.03286690297899364,0.042259832173630496,0.1361945827682125,0.046211412781122396,-0.058557321124400374,-0.06307664224200371
2021-06-01,3.704114559610861,-2.274775751438442,-1.3503119727916464,1.5,0.7868769151859888,-1.3623339470196436,-2.3269458226708712,0.0,0.0234278989883121,-0.017320167446626122,-0.12210117620668082,0.13153872086652774,-0.13200123751867077,-0.03899200398325542
2021-07-01,3.674189725976363,-2.2389988269920966,-1.2913324641391093,1.5,0.6861097051697493,-1.2745975770067766,-2.22684878666833,0.0,-0.029924833634497716,0.035776924446345504,0.058979508652537094,-0.10076721001623945,0.08773637001286705,0.10009703600254127
2021-08-01,3.637804748793517,-2.181615209720572,-1.2093829026996632,1.5,0.5167090953270871,-1.1238757155090071,-2.1062734944378603,0.0,-0.03638497718284617,0.057383617271524745,0.0819495614394461,-0.16940060984266225,0.15072186149776945,0.1205752922304697
2021-09-01,3.596810167175873,-2.1350164413878194,-1.0863657731456886,1.5,0.3284048521539938,-0.9319534669422826,-2.0846481587814965,0.0,-0.0409945816176438,0.04659876833275245,0.12301712955397459,-0.1883042431730933,0.19192224856672446,0.02162533565636382
2021-10-01,3.6225553602044,-2.1482066339754904,-1.126507971717961,1.5,0.5204507287286737,-1.157214352690764,-2.0095009197649976,0.0,0.025745193028526625,-0.013190192587670957,-0.0401421985722723,0.19204587657467992,-0.22526088574848124,0.07514723901649889
2021-11-01,3.638204777702648,-2.1529408343191574,-1.1709706730008942,1.5,0.5182886938331294,-1.1968336137368014,-1.7312764490472086,0.0,0.01564941749824822,-0.0047342003436670055,-0.04446270128293328,-0.0021620348955443403,-0.039619261046037524,0.278224470717789
2021-12-01,3.70191901498741,-2.218636645498845,-1.3731160895360923,1.5,0.2740060224363478,-1.0955443100114073,-1.3492709012446071,0.0,0.06371423728476211,-0.0656958111796877,-0.20214541653519813,-0.24428267139678156,0.10128930372539413,0.38200554780260143
2022-01-01,3.685676199602984,-2.1573965575156087,-1.4514700507680487,1.5,0.2004459470219939,-0.9774113527030668,-1.098433899256011,0.0,-0.01624281538442629,0.061240087983236435,-0.07835396123195637,-0.07356007541435391,0.1181329573083405,0.25083700198859615
2022-02-01,3.663937850923392,-2.0969988321079867,-1.4185598796169716,1.5,0.4071161998714469,-1.0824126693193858,-1.3377464992321688,0.0,-0.0217383486795919,0.060397725407622005,0.03291017115107708,0.20667025284945303,-0.10500131661631906,-0.23931259997615784
2022-03-01,3.603600813226053,-2.048631375911651,-1.057619614080468,1.5,0.5246650757558092,-1.2184141096243593,-1.368897228262442,0.0,-0.06033703769733911,0.048367456196335645,0.3609402655365037,0.1175488758843623,-0.1360014403049734,-0.031150729030273272
2022-04-01,3.577229593769004,-2.027009108552784,-0.9230841131825974,1.5,0.6752487118527996,-1.4101997405992437,-1.433793973340009,0.0,-0.026371219457048678,0.021622267358866853,0.13453550089787047,0.15058363609699033,-0.19178563097488444,-0.06489674507756682
2022-05-01,3.5887308643597216,-2.0095577642094136,-0.889917017050482,1.5,1.0492400733010905,-1.6960723362264014,-2.043825295839652,0.0,0.011501270590717372,0.01745134434337059,0.03316709613211544,0.3739913614482909,-0.2858725956271577,-0.610031322499643
2022-06-01,3.5926731123139994,-1.96627118739732,-0.8115583581227811,1.5,1.3193943572420623,-1.8295900637157,-1.905020906928116,0.0,0.003942247954277889,0.04328657681209358,0.07835865892770089,0.27015428394097185,-0.1335177274892987,0.1388043889115358
2022-07-01,3.556515535413133,-1.870190111972988,-0.6964588779132331,1.5,1.8359378889495503,-2.548210839752005,-0.116205816930663,0.0,-0.036157576900866406,0.09608107542433197,0.11509948020954797,0.516543531707488,-0.7186207760363048,1.788815089997453
2022-08-01,3.6021641612429063,-1.8763076082198744,-0.7140769219889544,1.5,1.7527912440157951,-1.9508961127868016,-0.0172577355541375,0.0,0.04564862582977325,-0.0061174962468864,-0.017618044075721317,-0.08314664493375523,0.5973147269652033,0.0989480813765255
2022-09-01,3.758255041626806,-1.8494065437247136,-1.4576846456063253,1.5,1.588732817080624,-1.5506678811318837,0.0107348375302284,0.0,0.15609088038389984,0.02690106449516083,-0.7436077236173708,-0.16405842693517103,0.40022823165491794,0.0279925730843659
2022-10-01,3.6203541142571214,-1.5404909332620167,-0.8723998609707497,2.0,1.996449237262164,-1.8432744380411368,0.0779680861138688,0.5,-0.13790092736968473,0.3089156104626969,0.5852847846355755,0.40771642018154,-0.2926065569092531,0.0672332485836404
2022-11-01,3.9295618531032126,-1.6436012361642427,-1.3267454213722234,2.0,2.430722966426827,-1.6028345199018608,0.0254248881976247,0.0,0.3092077388460912,-0.103110302902226,-0.45434556040147367,0.4342737291646628,0.240439918139276,-0.052543197916244094
2022-12-01,4.039362934036647,-1.4675865537929875,-1.0365627331798015,2.0,2.146230512489751,-1.2040074159281704,1.0210065275445634,0.0,0.10980108093343421,0.17601468237125517,0.2901826881924219,-0.2844924539370757,0.39882710397369037,0.9955816393469388
2023-01-01,4.003964252139154,-1.0878026740692617,-1.3551786457309596,2.5,2.106819346801648,-0.9346949925562538,1.480422898579217,0.5,-0.035398681897492956,0.37978387972372585,-0.31861591255115806,-0.0394111656881031,0.26931242337191663,0.4594163710346535
2023-02-01,5.292185192361355,-1.997089303324075,-1.152431489322093,2.5,2.202428879788952,-0.3800854547988094,1.607111497227718,0.0,1.2882209402222013,-0.9092866292548134,0.20274715640886654,0.09560953298730412,0.5546095377574444,0.12668859864850113
2023-03-01,5.300671849839461,-2.069004029654852,-0.2990278608234291,2.5,2.378929146031225,-0.1808420594636521,1.6699094779418058,0.0,0.008486657478106174,-0.07191472633077689,0.8534036284986639,0.176500266242273,0.1992433953351573,0.06279798071408771
2023-04-01,5.810337456619253,-2.614465734609696,-0.5487278930611181,3.0,2.4080385331815823,0.1959862052982445,1.0943306472668968,0.5,0.5096656067797918,-0.5454617049548438,-0.24970003223768905,0.029109387150357158,0.37682826476189657,-0.575578830674909
2023-05-01,6.02731865034275,-2.832847689786677,-0.3397316805419633,3.0,2.609554310994144,0.4550902179870625,-1.1447670928134817,0.0,0.21698119372349645,-0.218381955176981,0.20899621251915484,0.20151577781256158,0.259104012688818,-2.2390977400803784
2023-06-01,6.095991611371574,-2.988833255603612,-0.390342299453245,3.0,2.733016024491699,0.5076311706776377,-1.8751460138997884,0.0,0.06867296102882481,-0.15598556581693535,-0.05061061891128171,0.12346171349755508,0.05254095269057524,-0.7303789210863068
2023-07-01,6.066323406254281,-2.9679552291835063,-0.9032545007407649,3.0,2.666223945305071,0.8608354341268328,-1.765511851990491,0.0,-0.029668205117293844,0.020878026420105833,-0.5129122012875198,-0.06679207918662788,0.3532042634491951,0.10963416190929731
2023-08-01,6.034269400351846,-2.9434127538304344,-1.7185435722914142,3.0,2.652082556042217,1.061527905036793,-1.616711447033668,0.0,-0.03205400590243457,0.024542475353071858,-0.8152890715506493,-0.01414138926285391,0.20069247090996012,0.148800404956823
2023-09-01,5.944832411032854,-2.86163349474288,-1.6830043154462448,3.0,2.862566367803559,0.8722064213677924,-2.004604144301548,0.0,-0.08943698931899213,0.08177925908755457,0.03553925684516934,0.21048381176134168,-0.1893214836690006,-0.38789269726788
2023-10-01,5.904245540450487,-2.809522620736613,-1.5683914804614882,3.0,3.0328743755418954,0.8296066838846121,-2.1582036164722207,0.0,-0.04058687058236643,0.052110874006266794,0.1146128349847566,0.17030800773833654,-0.042599737483180244,-0.1535994721706726
2023-11-01,5.902563079718618,-2.898042163823977,-1.504051286791016,3.0,3.32360492403043,0.6764240193220352,-2.71311302863461,0.0,-0.0016824607318692841,-0.08851954308736376,0.06434019367047217,0.2907305484885345,-0.1531826645625769,-0.5549094121623894
2023-12-01,5.950079987062414,-2.9657256294061347,-1.701724114908011,3.0,3.142604920662168,0.8779575673895036,-3.1310312849635564,0.0,0.047516907343795545,-0.06768346558215788,-0.19767282811699483,-0.18100000336826216,0.20153354806746837,-0.4179182563289463
2024-01-01,5.835007139865817,-2.812450492247226,-2.1592124296702857,3.0,2.688942868513472,1.3639107744577137,-3.888140280917116,0.0,-0.11507284719659694,0.1532751371589085,-0.4574883147622748,-0.4536620521486956,0.4859532070682101,-0.7571089959535597
2024-02-01,5.599609831471721,-2.534006139411724,-2.609792750474901,3.0,2.779922416210788,1.4301506538108837,-4.134264427282756,0.0,-0.2353973083940959,0.27844435283550206,-0.4505803208046153,0.09097954769731587,0.06623987935317,-0.24612414636563962
2024-03-01,5.307185664125519,-2.1588941347102284,-2.109498131548042,3.0,2.8330063067515825,1.3008131336508455,-3.446417559665338,0.0,-0.29242416734620225,0.37511200470149575,0.5002946189268589,0.05308389054079443,-0.1293375201600382,0.6878468676174179
2024-04-01,5.258673504234904,-2.171082467242712,-2.0611555752715014,3.0,2.802870933485533,1.257644004639387,-3.166233588946278,0.0,-0.04851215989061419,-0.012188332532483415,0.048342556276540716,-0.030135373266049648,-0.04316912901145842,0.28018397071905987
2024-05-01,5.248768746954804,-2.1396969659505976,-2.037579336770692,3.0,2.8781494282457394,1.1082813709536956,-2.864253045464765,0.0,-0.00990475728010054,0.03138550129211426,0.023576238500809588,0.07527849476020654,-0.14936263368569147,0.30198054348151304
2024-06-01,5.18563791970964,-2.113078008684704,-1.854953989949708,3.0,2.907958718457323,0.980803886693259,-2.5187699075807464,0.0,-0.06313082724516406,0.026618957265893695,0.18262534682098375,0.029809290211583406,-0.1274774842604366,0.34548313788401863
2024-07-01,5.178733662731468,-2.0846426595532885,-1.943649296029154,2.75,2.953571836716903,0.7538584674850701,-2.578836496547925,-0.25,-0.006904256978171652,0.02843534913141532,-0.08869530607944598,0.045613118259580254,-0.2269454192081889,-0.060066588967178536
2024-08-01,5.073673728905342,-2.3320477773330417,-1.840592516872862,2.75,3.0041609978528983,0.611825345395527,-2.8143281042645785,0.0,-0.10505993382612644,-0.24740511777975316,0.10305677915629197,0.05058916113599521,-0.1420331220895431,-0.23549160771665356
2024-09-01,5.086588054857496,-2.392562520070664,-1.99198511800534,2.75,2.753267593958625,0.8338464509897555,-3.266041174102102,0.0,0.01291432595215447,-0.06051474273762247,-0.151392601132478,-0.25089340389427317,0.2220211055942285,-0.4517130698375236
2024-10-01,5.06899747721994,-2.350625573474699,-2.5440700829758693,2.75,2.751502014371879,0.8459032417752161,-3.736728267037939,0.0,-0.017590577637555782,0.04193694659596536,-0.5520849649705293,-0.0017655795867459467,0.012056790785460625,-0.4706870929358371
2024-11-01,5.003697265889903,-2.22853131851139,-2.6269548464332653,2.75,2.84070693148734,0.4207697665279269,-3.4393538462083435,0.0,-0.0653002113300376,0.12209425496330883,-0.08288476345739593,0.08920491711546097,-0.4251334752472892,0.29737442082959564
2024-12-01,4.852767344602002,-2.1449497776103224,-2.3495855336152114,2.75,2.7717774351460003,0.3213696274837958,-2.9617968049097017,0.0,-0.15092992128790073,0.08358154090106762,0.2773693128180539,-0.06892949634133982,-0.09940013904413114,0.47755704129864185
2025-01-01,4.845679339471663,-2.191855459283761,-2.202978302560868,2.5,2.6362568208156514,0.2365904220025606,-2.791510318069955,-0.25,-0.007088005130339248,-0.04690568167343878,0.1466072310543436,-0.1355206143303489,-0.08477920548123516,0.17028648683974668
2025-02-01,4.754998028760265,-2.2254063472332644,-2.1951849572285296,2.5,2.987582643320387,-0.2365123921993812,-2.427124004723369,0.0,-0.09068131071139796,-0.03355088794950323,0.00779334533233822,0.35132582250473554,-0.4731028142019418,0.3643863133465861
2025-03-01,4.712874138323205,-2.149497748833383,-2.1348552051874408,2.5,2.929231209984358,-0.4631771888153519,-2.258328975030294,0.0,-0.04212389043706022,0.07590859839988129,0.06032975204108881,-0.05835143333602888,-0.22666479661597072,0.16879502969307492
2025-04-01,4.675595477701942,-2.2003127841786903,-2.173254444756404,2.25,3.3937744130733494,-1.024564647933873,-2.5106066010405748,-0.25,-0.03727866062126228,-0.05081503534530718,-0.038399239568963406,0.46454320308899133,-0.5613874591185211,-0.2522776260102808
2025-05-01,4.477053567928874,-2.2040254714735883,-2.041236541806363,2.25,3.3124527995549697,-1.102850318725653,-3.2418385352392955,0.0,-0.19854190977306807,-0.0037126872948980427,0.13201790295004123,-0.08132161351837963,-0.07828567079178006,-0.7312319341987208
2025-06-01,4.528391870154675,-2.334050641020118,-2.5185811786006105,2.25,3.4074815351863963,-1.338442576591059,-3.0458511462743068,0.0,0.05133830222580027,-0.13002516954652954,-0.47734463679424755,0.09502873563142655,-0.23559225786540594,0.1959873889649888
2025-07-01,4.322034992050072,-2.173660064733891,-2.0763498691036366,2.25,3.363758551755491,-1.4252722695299995,-2.521263230486732,0.0,-0.2063568781046028,0.16039057628622677,0.44223130949697387,-0.043722983430905416,-0.0868296929389405,0.5245879157875746
2025-08-01,4.429267050662455,-2.2408373023997634,-2.417904106964412,2.25,3.5333621876842822,-1.5952060595545152,-2.685510451841008,0.0,0.10723205861238316,-0.06717723766587236,-0.34155423786077543,0.16960363592879135,-0.1699337900245157,-0.16424722135427583
2025-09-01,4.389163017703845,-2.187349176217729,-2.407969803001264,2.25,3.6746219859349054,-1.701326618631959,-2.669565176312381,0.0,-0.04010403295860954,0.05348812618203436,0.009934303963147872,0.14125979825062318,-0.10612055907744389,0.0159452755286269
2025-10-01,4.3172226025039935,-2.158601430818765,-2.1451702666995085,2.25,3.7591418830921737,-1.7568741504585286,-2.6280810919601043,0.0,-0.07194041519985195,0.028747745398963964,0.2627995363017557,0.08451989715726826,-0.05554753182656946,0.041484084352276795
2025-11-01,4.284621777506911,-2.054621235501856,-1.8373631223172688,2.25,3.641948617090193,-1.6654319246389475,-2.500176132047104,0.0,-0.03260082499708261,0.10398019531690927,0.30780714438223966,-0.11719326600198077,0.09144222581958106,0.12790495991300022
2025-12-01,4.29141007695615,-2.055888612168148,-1.5899928026734833,2.25,3.717488362980827,-1.7419458540558792,-2.396841919603304,0.0,0.006788299449238977,-0.0012673766662922858,0.24737031964378553,0.07553974589063417,-0.07651392941693169,0.10333421244380014
