Date,beta0,beta1,beta2,Taux directeur,IPC,europe_beta0,europe_beta1,europe_beta2
2017-01-01,4.898245827544494,-2.6833950410915888,-2.002550488568455,2.25,99.4,1.656032103073423,-2.4023948279547667,-3.4236195712568174
2017-02-01,4.729566893261175,-2.468176609607654,-1.380875398724715,2.25,99.5,1.749656800818352,-2.379198741826595,-3.713812235058409
2017-03-01,4.682222445706525,-2.481941362710185,-1.0481240981566915,2.25,99.3,1.79445429352015,-2.4576108604428493,-4.056766583066706
2017-04-01,4.995166079467858,-2.8486873876507337,-1.7414241812673552,2.25,99.3,1.827561358615148,-2.613090064879726,-3.573627874947859
2017-05-01,5.000778609791246,-2.826277372188181,-1.767370396211605,2.25,99.7,1.6456445720500574,-2.343772014822693,-3.5585937018278404
2017-06-01,5.227396222835453,-3.106612022357223,-1.8845389870403724,2.25,100.0,1.8441877302734644,-2.506177895294437,-3.5290333313525224
2017-07-01,5.305214348533844,-3.147299334901289,-2.0322572120921785,2.25,99.5,1.7848861263012938,-2.4198740510716283,-3.462905873591385
2017-08-01,5.29300132531304,-3.051816981370126,-2.040491698984289,2.25,99.8,1.956400460707622,-2.584780408056876,-3.486067963486278
2017-09-01,5.278959958411552,-3.0556613509421893,-1.998949243195267,2.25,100.6,1.80494112996256,-2.445606096482205,-3.5546038660693307
2017-10-01,5.260691432658924,-3.044406552001293,-2.090039468481668,2.25,100.5,1.8701557899298604,-2.566367095345368,-3.5316279633668874
2017-11-01,5.164954530421021,-2.9718228951582093,-2.1560740957294224,2.25,101.0,1.884003990946905,-2.5815232188397115,-3.595025331305955
2017-12-01,5.115481093574306,-2.945589126867283,-1.946020261391604,2.25,101.2,1.8436806399126036,-2.56160991619512,-3.4874390397195887
2018-01-01,5.023737573394383,-2.8067804726694114,-1.737237696256966,2.25,101.4,1.7225184140284178,-2.516092398681133,-3.022836031358907
2018-02-01,4.920095482842811,-2.651202462824115,-1.4047635974841244,2.25,100.9,1.769422994239857,-2.3653677035785403,-3.1369657738166974
2018-03-01,5.100691137386462,-2.839115651909752,-1.908443080428203,2.25,101.0,1.7771872975973009,-2.350196835076586,-3.337783839514867
2018-04-01,5.1239167296667,-2.9209027082274304,-2.0102550451370225,2.25,101.5,1.6757556676517726,-2.3209083358157345,-2.995009279146136
2018-05-01,5.114902148234638,-2.874764162989339,-2.075780265423701,2.25,102.1,1.6573766738793356,-2.280659936379572,-2.9185489142948557
2018-06-01,5.112375922254947,-2.8272896073846883,-2.157606460395998,2.25,102.4,1.6458099605374208,-2.2011185550764,-3.2596686056882063
2018-07-01,5.06786732782836,-2.7740554008712786,-2.0455062071212846,2.25,101.4,1.5868076751213964,-2.142039278232986,-3.3399494334051973
2018-08-01,5.069708579008827,-2.7562464542142195,-2.085741554241518,2.25,101.4,1.4718398256826544,-2.0497682845438017,-3.0700021201808303
2018-09-01,5.047084288325213,-2.72705746695203,-1.993886101446058,2.25,101.8,1.487687972979581,-2.072826050094605,-2.9377323887189504
2018-10-01,4.999133725321407,-2.664861289517791,-1.8709239529464392,2.25,101.6,1.5461150381723638,-2.129754794965048,-2.746788993593257
2018-11-01,4.937686553308548,-2.5994585506155485,-1.6825272276642649,2.25,102.1,1.505433239330748,-2.1733569464446902,-2.7049451801245685
2018-12-01,4.929174625716221,-2.6089113360274374,-1.55475530715729,2.25,101.4,1.516570346054606,-2.1939881499107496,-2.696953727939034
2019-01-01,4.928087818963841,-2.592912094286735,-1.5741537950192417,2.25,100.9,1.3594930507848186,-2.096779315864824,-2.3343513587910154
2019-02-01,4.961859325770282,-2.611617832200888,-1.7102559241997888,2.25,100.9,1.2965928958651534,-1.8364037617576123,-2.773996457994908
2019-03-01,5.041008479738939,-2.686191387139708,-2.273916586059813,2.25,100.9,1.2528838940253944,-1.7563715488667744,-2.6078023198440934
2019-04-01,5.066532681396784,-2.7174665774398346,-2.583385321215541,2.25,101.5,1.2372880015279473,-1.764586507637175,-2.443953219512298
2019-05-01,5.036913128898883,-2.692406592303262,-2.638299004366468,2.25,102.4,1.1958708317689697,-1.7154127190551858,-2.5392778376010265
2019-06-01,4.975366721046635,-2.6317188943238987,-2.826013535524616,2.25,102.6,1.0886616979205457,-1.601341240195628,-2.674328350880792
2019-07-01,4.852061662106631,-2.514393531828247,-2.670659614734822,2.25,101.7,0.8042604437536963,-1.3219899287645442,-2.567643536737877
2019-08-01,4.813029098159937,-2.4720008131632207,-2.6128671387687668,2.25,102.1,0.750556743816665,-1.336304733861359,-2.518130855677346
2019-09-01,4.7585229834984935,-2.4519724776412515,-2.462325340159901,2.25,101.9,0.292756779444184,-0.9993603007747368,-2.1338972135742007
2019-10-01,4.6855265680669245,-2.409874933883253,-2.2885718619180744,2.25,102.1,0.3509785899393786,-1.020095837429624,-2.037463353927106
2019-11-01,4.630780882990582,-2.3308728728775265,-2.5064456325315687,2.25,102.5,0.4675987860072439,-1.0834411617023838,-1.932791177181456
2019-12-01,4.494946888849646,-2.1544555406528025,-2.6145106792689643,2.25,102.5,0.5888375205841119,-1.1784015507946264,-1.8124148582923305
2020-01-01,4.470181589606775,-2.1082135579780976,-2.8316721437476597,2.25,102.3,0.6218150919035809,-1.2614286394358012,-1.6655152926915513
2020-02-01,4.474673946670957,-2.0773539685903404,-3.0467347070580955,2.25,102.1,0.6804946078433535,-1.2514481482174475,-1.807677536968588
2020-03-01,4.232338139334456,-1.821619351487392,-2.5658717694137025,2.25,102.5,0.4967913782336646,-1.077124749989907,-1.8564089262713528
2020-04-01,4.157214773544904,-1.736383961361465,-2.348290929031525,2.0,102.4,0.1230317724873257,-0.8154950852502723,-1.4746601185631696
2020-05-01,4.09350981643831,-1.7422389650252796,-2.0384692783177747,2.0,102.2,0.2833749337196051,-0.8300033616573235,-1.5981373976488968
2020-06-01,4.000906217253074,-1.8382830205805265,-1.453017697157313,2.0,101.9,0.2859436182093595,-0.781191289370667,-1.903829917276163
2020-07-01,3.95831347831353,-2.051325799460767,-1.3750235631039271,1.5,101.6,0.4365691860507559,-0.9530778242388828,-1.877414116871932
2020-08-01,3.854873625281733,-2.262841978577996,-1.6848766839538052,1.5,103.0,0.324283533962232,-0.8611570970255045,-1.8260387112025684
2020-09-01,3.8390722780644735,-2.2034493812566707,-1.6803894157837185,1.5,103.3,0.334654347271078,-0.8711331915114386,-1.8559684321995376
2020-10-01,3.735118612630358,-2.145321216557293,-1.319971452734814,1.5,103.4,0.3025955742483845,-0.8455912399115326,-1.8772336449676224
2020-11-01,3.711017055068476,-2.1646845251514995,-1.1547583096506226,1.5,102.7,0.1831583781544997,-0.806884129186235,-1.737345167050462
2020-12-01,3.81517474810988,-2.175448498889373,-1.24861221848831,1.5,102.2,0.1625253932821235,-0.8183766562592061,-1.6232093324536656
2021-01-01,3.77080054362782,-2.143498365576978,-1.0785074317029983,1.5,102.3,0.166325522790884,-0.877835072061139,-1.4471501834615286
2021-02-01,3.867216739793382,-2.388134202020018,-1.529155692470335,1.5,102.4,0.2083048056444464,-0.7976141149874187,-1.7573913101234713
2021-03-01,3.8096693119840936,-2.373929534248381,-1.6115568025051696,1.5,102.6,0.4585912814684351,-1.0359196494420282,-1.969851345771931
2021-04-01,3.7135535636015424,-2.2997154161654465,-1.364405379353178,1.5,103.8,0.6091267815383387,-1.1717753883765725,-2.224877176445612
2021-05-01,3.680686660622549,-2.257455583991816,-1.2282107965849656,1.5,104.1,0.655338194319461,-1.2303327095009728,-2.287953818687616
2021-06-01,3.704114559610861,-2.274775751438442,-1.3503119727916464,1.5,103.4,0.7868769151859888,-1.3623339470196436,-2.3269458226708712
2021-07-01,3.674189725976363,-2.2389988269920966,-1.2913324641391093,1.5,103.8,0.6861097051697493,-1.2745975770067766,-2.22684878666833
2021-08-01,3.637804748793517,-2.181615209720572,-1.2093829026996632,1.5,103.8,0.5167090953270871,-1.1238757155090071,-2.1062734944378603
2021-09-01,3.596810167175873,-2.1350164413878194,-1.0863657731456886,1.5,104.5,0.3284048521539938,-0.9319534669422826,-2.0846481587814965
2021-10-01,3.6225553602044,-2.1482066339754904,-1.126507971717961,1.5,105.2,0.5204507287286737,-1.157214352690764,-2.0095009197649976
2021-11-01,3.638204777702648,-2.1529408343191574,-1.1709706730008942,1.5,105.4,0.5182886938331294,-1.1968336137368014,-1.7312764490472086
2021-12-01,3.70191901498741,-2.218636645498845,-1.3731160895360923,1.5,105.5,0.2740060224363478,-1.0955443100114073,-1.3492709012446071
2022-01-01,3.685676199602984,-2.1573965575156087,-1.4514700507680487,1.5,105.5,0.2004459470219939,-0.9774113527030668,-1.098433899256011
2022-02-01,3.663937850923392,-2.0969988321079867,-1.4185598796169716,1.5,106.1,0.4071161998714469,-1.0824126693193858,-1.3377464992321688
2022-03-01,3.603600813226053,-2.048631375911651,-1.057619614080468,1.5,108.0,0.5246650757558092,-1.2184141096243593,-1.368897228262442
2022-04-01,3.5772295937690037,-2.0270091085527837,-0.9230841131825974,1.5,109.9,0.6752487118527996,-1.4101997405992437,-1.433793973340009
2022-05-01,3.5887308643597216,-2.0095577642094136,-0.889917017050482,1.5,110.2,1.0492400733010905,-1.6960723362264014,-2.043825295839652
2022-06-01,3.5926731123139994,-1.96627118739732,-0.8115583581227811,1.5,110.8,1.3193943572420623,-1.8295900637156997,-1.905020906928116
2022-07-01,3.556515535413133,-1.870190111972988,-0.6964588779132331,1.5,111.8,1.8359378889495503,-2.548210839752005,-0.116205816930663
2022-08-01,3.6021641612429063,-1.8763076082198744,-0.7140769219889544,1.5,112.1,1.7527912440157951,-1.9508961127868016,-0.0172577355541375
2022-09-01,3.758255041626806,-1.8494065437247136,-1.4576846456063253,1.5,113.2,1.588732817080624,-1.5506678811318837,0.0107348375302284
2022-10-01,3.6203541142571214,-1.5404909332620167,-0.8723998609707497,2.0,113.7,1.9964492372621636,-1.8432744380411368,0.0779680861138688
2022-11-01,3.9295618531032126,-1.6436012361642427,-1.3267454213722234,2.0,114.2,2.430722966426827,-1.6028345199018608,0.0254248881976247
2022-12-01,4.039362934036647,-1.4675865537929875,-1.0365627331798015,2.0,114.3,2.146230512489751,-1.2040074159281704,1.0210065275445634
2023-01-01,4.003964252139154,-1.0878026740692617,-1.3551786457309596,2.5,114.9,2.106819346801648,-0.9346949925562538,1.480422898579217
2023-02-01,5.292185192361355,-1.997089303324075,-1.152431489322093,2.5,116.8,2.202428879788952,-0.3800854547988094,1.607111497227718
2023-03-01,5.300671849839461,-2.069004029654852,-0.2990278608234291,2.5,116.9,2.378929146031225,-0.1808420594636521,1.6699094779418058
2023-04-01,5.810337456619253,-2.614465734609696,-0.5487278930611181,3.0,118.5,2.4080385331815823,0.1959862052982445,1.0943306472668968
2023-05-01,6.02731865034275,-2.832847689786677,-0.3397316805419633,3.0,118.0,2.609554310994144,0.4550902179870625,-1.1447670928134817
2023-06-01,6.095991611371574,-2.988833255603612,-0.390342299453245,3.0,116.9,2.733016024491699,0.5076311706776377,-1.8751460138997884
2023-07-01,6.066323406254281,-2.9679552291835063,-0.9032545007407649,3.0,117.3,2.666223945305071,0.8608354341268328,-1.765511851990491
2023-08-01,6.034269400351846,-2.9434127538304344,-1.7185435722914142,3.0,117.7,2.652082556042217,1.061527905036793,-1.616711447033668
2023-09-01,5.944832411032854,-2.86163349474288,-1.6830043154462448,3.0,118.7,2.862566367803559,0.8722064213677924,-2.004604144301548
2023-10-01,5.904245540450487,-2.809522620736613,-1.5683914804614882,3.0,118.6,3.0328743755418954,0.8296066838846121,-2.1582036164722207
2023-11-01,5.902563079718618,-2.898042163823977,-1.504051286791016,3.0,118.3,3.32360492403043,0.6764240193220352,-2.71311302863461
2023-12-01,5.950079987062414,-2.9657256294061347,-1.701724114908011,3.0,118.2,3.142604920662168,0.8779575673895036,-3.1310312849635564
2024-01-01,5.835007139865817,-2.812450492247226,-2.1592124296702857,3.0,117.5,2.6889428685134718,1.3639107744577137,-3.888140280917116
2024-02-01,5.599609831471721,-2.534006139411724,-2.609792750474901,3.0,117.2,2.779922416210788,1.4301506538108837,-4.134264427282756
2024-03-01,5.307185664125519,-2.1588941347102284,-2.109498131548042,3.0,118.0,2.8330063067515825,1.3008131336508455,-3.446417559665338
2024-04-01,5.258673504234904,-2.171082467242712,-2.0611555752715014,3.0,118.7,2.802870933485533,1.257644004639387,-3.166233588946278
2024-05-01,5.248768746954804,-2.1396969659505976,-2.037579336770692,3.0,118.5,2.8781494282457394,1.1082813709536956,-2.864253045464765
2024-06-01,5.18563791970964,-2.113078008684704,-1.854953989949708,3.0,119.0,2.907958718457323,0.980803886693259,-2.5187699075807464
2024-07-01,5.178733662731468,-2.0846426595532885,-1.943649296029154,2.75,118.8,2.953571836716903,0.7538584674850701,-2.578836496547925
2024-08-01,5.073673728905342,-2.3320477773330417,-1.840592516872862,2.75,119.7,3.0041609978528983,0.611825345395527,-2.8143281042645785
2024-09-01,5.086588054857496,-2.392562520070664,-1.99198511800534,2.75,119.7,2.753267593958625,0.8338464509897555,-3.266041174102102
2024-10-01,5.06899747721994,-2.350625573474699,-2.5440700829758693,2.75,119.4,2.751502014371879,0.8459032417752161,-3.736728267037939
2024-11-01,5.003697265889903,-2.22853131851139,-2.6269548464332653,2.75,119.2,2.84070693148734,0.4207697665279269,-3.4393538462083435
2024-12-01,4.852767344602002,-2.1449497776103224,-2.3495855336152114,2.75,119.0,2.7717774351460003,0.3213696274837958,-2.9617968049097017
2025-01-01,4.845679339471663,-2.191855459283761,-2.202978302560868,2.5,119.9,2.6362568208156514,0.2365904220025606,-2.791510318069955
2025-02-01,4.754998028760265,-2.2254063472332644,-2.1951849572285296,2.5,120.3,2.987582643320387,-0.2365123921993812,-2.427124004723369
2025-03-01,4.712874138323205,-2.149497748833383,-2.1348552051874408,2.5,119.9,2.929231209984358,-0.4631771888153519,-2.258328975030294
2025-04-01,4.675595477701942,-2.2003127841786903,-2.173254444756404,2.25,119.5,3.3937744130733494,-1.024564647933873,-2.5106066010405748
2025-05-01,4.477053567928874,-2.2040254714735883,-2.041236541806363,2.25,119.0,3.3124527995549697,-1.102850318725653,-3.2418385352392955
2025-06-01,4.528391870154675,-2.334050641020118,-2.5185811786006105,2.25,119.5,3.4074815351863963,-1.338442576591059,-3.0458511462743068
2025-07-01,4.322034992050072,-2.173660064733891,-2.0763498691036366,2.25,119.4,3.363758551755491,-1.4252722695299995,-2.5212632304867317
2025-08-01,4.429267050662455,-2.2408373023997634,-2.417904106964412,2.25,120.0,3.5333621876842822,-1.5952060595545152,-2.685510451841008
2025-09-01,4.389163017703845,-2.187349176217729,-2.4079698030012637,2.25,120.2,3.6746219859349054,-1.701326618631959,-2.669565176312381
2025-10-01,4.3172226025039935,-2.158601430818765,-2.1451702666995085,2.25,119.5,3.7591418830921737,-1.7568741504585286,-2.6280810919601043
2025-11-01,4.284621777506911,-2.054621235501856,-1.8373631223172688,2.25,118.8,3.641948617090193,-1.6654319246389475,-2.500176132047104
2025-12-01,4.29141007695615,-2.055888612168148,-1.5899928026734833,2.25,118.7,3.717488362980827,-1.7419458540558792,-2.396841919603304
2026-01-01,4.3556196691861135,-2.06998700464742,-1.5789727625753511,2.25,119.0,3.891462497958889,-1.903920719115177,-2.134853489768141
2026-02-01,4.317819484965731,-1.971406094739994,-1.2614022931209532,2.25,119.6,3.915276657598033,-1.9140572139617296,-2.271043110869967
2026-03-01,4.391343624106065,-2.0708515966551504,-1.361819196621347,2.25,121.0,3.914596058787588,-1.9019385191895584,-2.487187864529398
2026-04-01,4.3323405460746685,-2.0098176788398554,-0.8180619284693015,2.25,121.5,3.874069735853916,-1.7720110549931585,-1.142495754495947
2026-05-01,4.473485191820684,-2.2115945115804334,-0.9399718962328444,2.25,120.4,3.9374118038162704,-1.6865551493952746,-1.1301922826916408
