Date,beta0,beta1,beta2,lambda,rmse
2004-10-01,5.31,-3.36,-1.51,2.6,0.0
2004-11-01,5.26,-3.25,-2.44,2.3,0.0
2004-12-01,5.13,-3.06,-2.77,2.2,0.0
2005-01-01,4.87,-2.8,-2.44,2.4,0.0
2005-02-01,4.71,-2.69,-1.82,2.6,0.0
2005-03-01,4.47,-2.47,-1.59,2.3,0.0
2005-04-01,4.72,-2.72,-1.71,2.3,0.0
2005-05-01,4.64,-2.63,-2.14,2.4,0.0
2005-06-01,4.42,-2.38,-2.63,2.1,0.01
2005-07-01,4.21,-2.13,-3.1,1.9,0.0
2005-08-01,4.27,-2.19,-2.7,2.1,0.0
2005-09-01,4.23,-2.16,-2.33,2.2,0.0
2005-10-01,4.11,-2.07,-1.99,2.6,0.0
2005-11-01,4.18,-2.13,-0.54,3.8,0.02
2005-12-01,4.18,-1.94,-0.0,3.9,0.03
2006-01-01,4.02,-1.64,0.01,4.4,0.03
2006-02-01,3.87,-1.44,0.0,3.9,0.03
2006-03-01,3.96,-1.49,-0.01,3.2,0.03
2006-04-01,4.02,-1.44,0.02,2.4,0.04
2006-05-01,4.33,-1.74,0.01,2.2,0.05
2006-06-01,4.44,-1.74,-0.01,2.6,0.05
2006-07-01,4.44,-1.61,-0.01,2.7,0.05
2006-08-01,4.41,-1.45,-0.01,2.6,0.06
2006-09-01,4.33,-1.19,0.0,4.0,0.06
2006-10-01,4.18,-0.88,-0.15,4.9,0.06
2006-11-01,4.03,-0.69,-0.01,4.9,0.05
2006-12-01,3.98,-0.52,-0.17,4.9,0.05
2007-01-01,4.02,-0.49,-0.16,4.9,0.04
2007-02-01,4.17,-0.56,-0.0,2.9,0.04
2007-03-01,4.24,-0.55,0.0,4.1,0.04
2007-04-01,4.33,-0.57,-0.53,4.9,0.03
2007-05-01,4.5,-0.63,-0.29,4.9,0.04
2007-06-01,4.51,-0.55,-0.0,4.9,0.05
2007-07-01,4.66,-0.77,0.01,1.2,0.05
2007-08-01,4.59,-0.66,-0.01,0.9,0.05
2007-09-01,4.76,-0.77,-0.45,4.5,0.02
2007-10-01,4.87,-0.98,-0.82,3.9,0.01
2007-11-01,4.86,-1.0,-0.42,4.6,0.02
2007-12-01,4.86,-0.92,-1.69,2.9,0.01
2008-01-01,4.96,-1.07,-1.2,3.3,0.02
2008-02-01,4.98,-1.05,-2.57,2.5,0.01
2008-03-01,5.04,-1.02,-4.13,1.9,0.01
2008-04-01,5.24,-1.24,-4.12,2.4,0.0
2008-05-01,5.2,-1.24,-2.55,2.8,0.01
2008-06-01,5.25,-1.28,-1.58,3.7,0.03
2008-07-01,4.94,-0.71,-0.0,3.5,0.06
2008-08-01,5.18,-0.89,-0.54,4.9,0.03
2008-09-01,5.18,-0.84,-2.23,3.0,0.02
2008-10-01,5.28,-1.01,-2.8,2.7,0.01
2008-11-01,4.83,-1.27,-3.71,1.2,0.06
2008-12-01,5.04,-2.63,-3.32,1.7,0.03
2009-01-01,4.29,-2.29,-3.19,1.1,0.08
2009-02-01,4.8,-3.36,-4.17,1.3,0.08
2009-03-01,5.0,-3.93,-4.79,1.3,0.11
2009-04-01,5.02,-4.18,-4.81,1.3,0.09
2009-05-01,5.07,-4.39,-3.86,1.5,0.09
2009-06-01,5.25,-4.55,-4.7,1.4,0.09
2009-07-01,5.3,-4.59,-4.72,1.3,0.07
2009-08-01,5.16,-4.77,-4.29,1.4,0.09
2009-09-01,4.44,-4.31,3.85,4.9,0.05
2009-10-01,4.95,-4.65,-4.11,1.4,0.06
2009-11-01,4.7,-4.57,3.14,4.9,0.07
2009-12-01,4.99,-4.64,-3.62,1.6,0.07
2010-01-01,4.97,-4.69,-3.33,1.7,0.07
2010-02-01,4.75,-4.76,3.19,4.9,0.08
2010-03-01,4.88,-4.6,-4.24,1.5,0.1
2010-04-01,4.85,-4.53,-4.59,1.5,0.1
2010-05-01,4.76,-4.41,-4.5,1.5,0.08
2010-06-01,4.72,-4.42,-4.79,1.7,0.06
2010-07-01,4.35,-3.95,-5.67,1.4,0.08
2010-08-01,4.25,-3.68,-5.01,1.5,0.08
2010-09-01,3.88,-3.29,-4.84,1.5,0.07
2010-10-01,3.78,-3.24,-4.41,1.5,0.07
2010-11-01,3.78,-2.99,-4.31,1.5,0.08
2010-12-01,3.96,-3.15,-4.22,1.5,0.1
2011-01-01,4.35,-3.69,-4.95,1.3,0.09
2011-02-01,4.4,-3.81,-4.41,1.3,0.09
2011-03-01,4.17,-3.78,3.24,4.9,0.08
2011-04-01,4.09,-3.5,3.18,4.9,0.04
2011-05-01,4.18,-3.42,3.12,4.9,0.01
2011-06-01,4.23,-3.37,2.12,4.9,0.03
2011-07-01,4.46,-3.25,-3.42,1.7,0.05
2011-08-01,4.38,-3.19,-3.73,1.7,0.04
2011-09-01,4.14,-3.3,-4.72,1.7,0.05
2011-10-01,3.79,-3.34,-4.05,1.8,0.03
2011-11-01,3.95,-3.55,-3.89,1.7,0.06
2011-12-01,4.07,-3.72,-3.92,1.6,0.07
2012-01-01,3.78,-3.62,-4.69,1.3,0.07
2012-02-01,3.86,-3.64,-5.06,1.4,0.08
2012-03-01,3.89,-3.61,-5.19,1.5,0.08
2012-04-01,3.9,-3.68,-5.28,1.5,0.1
2012-05-01,3.85,-3.6,-5.4,1.5,0.11
2012-06-01,3.48,-3.27,-4.95,1.6,0.09
2012-07-01,3.35,-3.15,-4.77,1.6,0.07
2012-08-01,3.4,-3.17,-5.59,1.7,0.07
2012-09-01,3.35,-3.11,-5.62,1.7,0.08
2012-10-01,3.6,-3.39,-5.6,1.8,0.11
2012-11-01,3.59,-3.42,-5.36,1.9,0.11
2012-12-01,3.5,-3.28,-5.6,1.9,0.1
2013-01-01,3.43,-3.16,-5.8,1.9,0.1
2013-02-01,3.53,-3.36,-4.9,2.0,0.1
2013-03-01,3.6,-3.44,-4.85,2.0,0.11
2013-04-01,3.56,-3.33,-5.49,2.0,0.11
2013-05-01,3.43,-3.25,-5.15,2.2,0.1
2013-06-01,3.45,-3.26,-5.27,2.1,0.1
2013-07-01,3.57,-3.41,-4.69,2.0,0.09
2013-08-01,3.5,-3.33,-5.01,1.9,0.1
2013-09-01,3.52,-3.36,-4.82,1.8,0.09
2013-10-01,3.68,-3.53,-4.9,1.8,0.09
2013-11-01,3.68,-3.5,-5.1,1.9,0.09
2013-12-01,3.72,-3.52,-5.37,2.0,0.09
2014-01-01,3.66,-3.36,-5.36,1.8,0.09
2014-02-01,3.66,-3.41,-5.17,1.9,0.08
2014-03-01,3.52,-3.21,-5.5,1.9,0.08
2014-04-01,3.46,-3.12,-5.21,2.0,0.09
2014-05-01,3.36,-3.04,-5.07,2.0,0.09
2014-06-01,3.26,-2.98,-5.06,2.1,0.09
2014-07-01,3.3,-3.08,-5.18,2.2,0.08
2014-08-01,3.1,-2.9,-4.94,2.3,0.07
2014-09-01,2.79,-2.64,-4.42,2.4,0.06
2014-10-01,2.82,-2.7,-4.65,2.4,0.06
2014-11-01,2.65,-2.57,-4.18,2.6,0.06
2014-12-01,2.56,-2.48,-4.08,2.7,0.05
2015-01-01,2.27,-2.19,-3.64,2.8,0.04
2015-02-01,1.82,-1.85,-2.91,3.1,0.02
2015-03-01,1.49,-1.64,-2.42,3.0,0.02
2015-04-01,1.18,-1.36,-1.97,2.9,0.01
2015-05-01,0.98,-1.24,-1.57,3.0,0.01
2015-06-01,1.71,-1.95,-2.48,2.5,0.01
2015-07-01,2.19,-2.37,-3.29,2.3,0.01
2015-08-01,2.2,-2.37,-3.63,2.3,0.04
2015-09-01,2.02,-2.19,-3.37,2.4,0.04
2015-10-01,2.08,-2.26,-3.43,2.4,0.04
2015-11-01,2.05,-2.3,-3.19,2.8,0.02
2015-12-01,2.21,-2.5,-3.61,2.8,0.02
2016-01-01,2.21,-2.52,-3.53,2.7,0.02
2016-02-01,2.14,-2.52,-3.45,2.8,0.02
2016-03-01,1.7,-2.08,-3.27,2.8,0.02
2016-04-01,1.72,-2.12,-3.26,2.9,0.02
2016-05-01,1.61,-2.09,-2.91,3.1,0.02
2016-06-01,1.6,-2.09,-2.97,3.1,0.02
2016-07-01,1.16,-1.67,-2.57,2.9,0.01
2016-08-01,0.96,-1.56,-2.45,3.0,0.02
2016-09-01,0.95,-1.53,-2.37,3.1,0.02
2016-10-01,1.1,-1.7,-2.61,3.1,0.02
2016-11-01,1.28,-2.02,-2.38,3.3,0.01
2016-12-01,1.44,-2.18,-2.72,2.6,0.01
2017-01-01,1.66,-2.4,-3.42,2.4,0.02
2017-02-01,1.75,-2.38,-3.71,2.4,0.02
2017-03-01,1.79,-2.46,-4.06,2.3,0.02
2017-04-01,1.83,-2.61,-3.57,2.4,0.02
2017-05-01,1.65,-2.34,-3.56,2.4,0.02
2017-06-01,1.84,-2.51,-3.53,2.5,0.02
2017-07-01,1.78,-2.42,-3.46,2.6,0.02
2017-08-01,1.96,-2.58,-3.49,2.4,0.01
2017-09-01,1.8,-2.45,-3.55,2.4,0.01
2017-10-01,1.87,-2.57,-3.53,2.5,0.01
2017-11-01,1.88,-2.58,-3.6,2.4,0.01
2017-12-01,1.84,-2.56,-3.49,2.5,0.01
2018-01-01,1.72,-2.52,-3.02,2.5,0.01
2018-02-01,1.77,-2.37,-3.14,2.2,0.0
2018-03-01,1.78,-2.35,-3.34,1.8,0.0
2018-04-01,1.68,-2.32,-3.0,2.0,0.0
2018-05-01,1.66,-2.28,-2.92,2.1,0.0
2018-06-01,1.65,-2.2,-3.26,2.0,0.0
2018-07-01,1.59,-2.14,-3.34,2.1,0.0
2018-08-01,1.47,-2.05,-3.07,2.2,0.0
2018-09-01,1.49,-2.07,-2.94,2.3,0.0
2018-10-01,1.55,-2.13,-2.75,2.3,0.0
2018-11-01,1.51,-2.17,-2.7,2.1,0.0
2018-12-01,1.52,-2.19,-2.7,2.3,0.0
2019-01-01,1.36,-2.1,-2.33,2.5,0.0
2019-02-01,1.3,-1.84,-2.77,2.4,0.01
2019-03-01,1.25,-1.76,-2.61,2.7,0.01
2019-04-01,1.24,-1.76,-2.44,3.0,0.01
2019-05-01,1.2,-1.72,-2.54,3.0,0.01
2019-06-01,1.09,-1.6,-2.67,2.9,0.01
2019-07-01,0.8,-1.32,-2.57,2.9,0.01
2019-08-01,0.75,-1.34,-2.52,3.1,0.0
2019-09-01,0.29,-1.0,-2.13,3.3,0.0
2019-10-01,0.35,-1.02,-2.04,3.4,0.01
2019-11-01,0.47,-1.08,-1.93,3.4,0.0
2019-12-01,0.59,-1.18,-1.81,3.4,0.0
2020-01-01,0.62,-1.26,-1.67,3.3,0.01
2020-02-01,0.68,-1.25,-1.81,3.6,0.0
2020-03-01,0.5,-1.08,-1.86,3.7,0.01
2020-04-01,0.12,-0.82,-1.47,2.8,0.0
2020-05-01,0.28,-0.83,-1.6,2.9,0.01
2020-06-01,0.29,-0.78,-1.9,2.9,0.01
2020-07-01,0.44,-0.95,-1.88,3.2,0.01
2020-08-01,0.32,-0.86,-1.83,3.3,0.01
2020-09-01,0.33,-0.87,-1.86,3.4,0.01
2020-10-01,0.3,-0.85,-1.88,3.3,0.01
2020-11-01,0.18,-0.81,-1.74,3.4,0.01
2020-12-01,0.16,-0.82,-1.62,3.5,0.01
2021-01-01,0.17,-0.88,-1.45,3.9,0.01
2021-02-01,0.21,-0.8,-1.76,3.5,0.0
2021-03-01,0.46,-1.04,-1.97,3.2,0.01
2021-04-01,0.61,-1.17,-2.22,3.0,0.01
2021-05-01,0.66,-1.23,-2.29,2.8,0.01
2021-06-01,0.79,-1.36,-2.33,2.7,0.02
2021-07-01,0.69,-1.27,-2.23,2.7,0.02
2021-08-01,0.52,-1.12,-2.11,3.0,0.01
2021-09-01,0.33,-0.93,-2.08,2.9,0.01
2021-10-01,0.52,-1.16,-2.01,2.8,0.01
2021-11-01,0.52,-1.2,-1.73,2.3,0.02
2021-12-01,0.27,-1.1,-1.35,2.2,0.01
2022-01-01,0.2,-0.98,-1.1,2.6,0.0
2022-02-01,0.41,-1.08,-1.34,2.0,0.0
2022-03-01,0.52,-1.22,-1.37,1.1,0.0
2022-04-01,0.68,-1.41,-1.43,1.1,0.0
2022-05-01,1.05,-1.7,-2.04,0.6,0.01
2022-06-01,1.32,-1.83,-1.91,0.7,0.0
2022-07-01,1.84,-2.55,-0.12,0.9,0.02
2022-08-01,1.75,-1.95,-0.02,2.7,0.03
2022-09-01,1.59,-1.55,0.01,2.7,0.05
2022-10-01,2.0,-1.84,0.08,0.7,0.05
2022-11-01,2.43,-1.6,0.03,0.9,0.1
2022-12-01,2.15,-1.2,1.02,0.5,0.07
2023-01-01,2.11,-0.93,1.48,0.5,0.05
2023-02-01,2.2,-0.38,1.61,0.5,0.05
2023-03-01,2.38,-0.18,1.67,0.5,0.04
2023-04-01,2.41,0.2,1.09,0.5,0.05
2023-05-01,2.61,0.46,-1.14,2.5,0.06
2023-06-01,2.73,0.51,-1.88,2.3,0.05
2023-07-01,2.67,0.86,-1.77,2.7,0.06
2023-08-01,2.65,1.06,-1.62,2.7,0.06
2023-09-01,2.86,0.87,-2.0,2.3,0.06
2023-10-01,3.03,0.83,-2.16,2.4,0.06
2023-11-01,3.32,0.68,-2.71,2.2,0.03
2023-12-01,3.14,0.88,-3.13,2.3,0.03
2024-01-01,2.69,1.36,-3.89,2.1,0.03
2024-02-01,2.78,1.43,-4.13,1.9,0.03
2024-03-01,2.83,1.3,-3.45,2.0,0.03
2024-04-01,2.8,1.26,-3.17,2.2,0.04
2024-05-01,2.88,1.11,-2.86,2.1,0.05
2024-06-01,2.91,0.98,-2.52,2.2,0.05
2024-07-01,2.95,0.75,-2.58,2.4,0.05
2024-08-01,3.0,0.61,-2.81,2.4,0.05
2024-09-01,2.75,0.83,-3.27,1.8,0.05
2024-10-01,2.75,0.85,-3.74,1.6,0.04
2024-11-01,2.84,0.42,-3.44,1.6,0.04
2024-12-01,2.77,0.32,-2.96,1.4,0.04
2025-01-01,2.64,0.24,-2.79,1.4,0.04
2025-02-01,2.99,-0.24,-2.43,1.5,0.04
2025-03-01,2.93,-0.46,-2.26,1.6,0.04
2025-04-01,3.39,-1.02,-2.51,1.6,0.05
2025-05-01,3.31,-1.1,-3.24,1.6,0.05
2025-06-01,3.41,-1.34,-3.05,1.7,0.05
2025-07-01,3.36,-1.43,-2.52,1.9,0.05
2025-08-01,3.53,-1.6,-2.69,1.9,0.05
2025-09-01,3.67,-1.7,-2.67,2.1,0.04
2025-10-01,3.76,-1.76,-2.63,2.3,0.04
2025-11-01,3.64,-1.67,-2.5,2.3,0.04
2025-12-01,3.72,-1.74,-2.4,2.4,0.04
2026-01-01,3.89,-1.9,-2.13,2.5,0.03
2026-02-01,3.92,-1.91,-2.27,2.5,0.03
2026-03-01,3.91,-1.9,-2.49,2.6,0.02
2026-04-01,3.87,-1.77,-1.14,3.4,0.04
2026-05-01,3.94,-1.69,-1.13,3.4,0.06
2026-06-01,3.98,-1.72,-0.8,4.0,0.06
2026-07-01,3.97,-1.65,-1.08,4.0,0.04
