,beta0,beta1,beta2,lambda
2018-04-01,5.087313087811031,-2.8087866930596648,-1.835537430815889,4.672249846874277
2018-05-01,5.084716803973753,-2.7977638738992616,-1.775231006465736,4.5182880131933825
2018-06-01,5.082208091634218,-2.7869283065782695,-1.7188127646250562,4.414207967998865
2018-07-01,5.079783997044802,-2.7762768101272055,-1.6660320195105376,4.343848609781914
2018-08-01,5.077441666086473,-2.7658062576137965,-1.6166542479963053,4.29628484019045
2018-09-01,5.075178340908363,-2.755513575225013,-1.57046004754647,4.2641311617732285
2018-10-01,5.072991356680684,-2.7453957413646983,-1.5272441613336933,4.242394889719139
2018-11-01,5.070878138457172,-2.735449785766526,-1.486814566212033,4.227700909245778
2018-12-01,5.068836198143353,-2.7256727886220267,-1.4489916194916173,4.217767602300859
2019-01-01,5.066863131567073,-2.7160618797234273,-1.413607260723974,4.211052567730013
2019-02-01,5.064956615647833,-2.706614237621052,-1.3805042649512655,4.206513123863262
2019-03-01,5.063114405661604,-2.6973270887950354,-1.3495355441013628,4.2034444053924975
2019-04-01,5.061334332597902,-2.6881977068411094,-1.3205634934246113,4.201369914919823
2019-05-01,5.059614300605997,-2.679223411670218,-1.2934593800682828,4.199967534492223
2019-06-01,5.057952284527274,-2.670401568721731,-1.2681027710719368,4.19901950851205
2019-07-01,5.0563463275108145,-2.6617295881900236,-1.244380998242078,4.198378631584938
2019-08-01,5.054794538709411,-2.6532049242641924,-1.2221886575283603,4.197945391099662
2019-09-01,5.053295091053289,-2.6448250743806896,-1.2014271406768955,4.19765251533812
2019-10-01,5.051846219098926,-2.636587578488651,-1.182004197079638,4.197454527812453
2019-11-01,5.050446216950422,-2.6284900183277067,-1.163833523872992,4.197320685871715
2019-12-01,5.0490934362509865,-2.620530016718056,-1.1468343824643052,4.1972302071153385
2020-01-01,5.047786284242169,-2.612705236862607,-1.130931239782347,4.197169042391409
2020-02-01,5.0465232218885525,-2.6050133816609695,-1.116053432657719,4.197127694304817
2020-03-01,5.0453027620657,-2.597452193035099,-1.102134853841926,4.197099742502618
2020-04-01,5.044123467809219,-2.5900194512664005,-1.0891136582699823,4.197080846749258
2020-05-01,5.042983950622887,-2.58271297434409,-1.0769319882613733,4.197068072993472
2020-06-01,5.041882868843839,-2.5755306173246297,-1.0655357164383479,4.197059437781435
2020-07-01,5.040818926062903,-2.5684702717020387,-1.054874205219238,4.197053600274583
2020-08-01,5.0397908695982085,-2.5615298647889073,-1.0449000818181489,4.197049654049974
2020-09-01,5.03879748902029,-2.554707359107923,-1.03556902775127,4.197046986354833
2020-10-01,5.037837614726927,-2.5480007517937326,-1.0268395819145046,4.197045182960938
2020-11-01,5.036910116566061,-2.541408074004967,-1.0186729563574302,4.197043963845046
2020-12-01,5.036013902505159,-2.5349273903462537,-1.0110328639350026,4.197043139708089
2021-01-01,5.03514791734546,-2.528556798300047,-1.0038853570712074,4.197042582581627
2021-02-01,5.034311141479588,-2.5222944276681107,-0.9971986769182248,4.197042205957461
2021-03-01,5.033502589691067,-2.5161384400224907,-0.9909431122408724,4.197041951355009
2021-04-01,5.032721309994336,-2.5100870281658096,-0.9850908673992996,4.197041779240699
2021-05-01,5.031966382513883,-2.5041384156007354,-0.9796159388433359,4.1970416628893625
2021-06-01,5.031236918401188,-2.4982908560084574,-0.974493999569713,4.197041584234465
2021-07-01,5.030532058788194,-2.4925426327360247,-0.9697022910287674,4.197041531062811
2021-08-01,5.029850973776083,-2.486892058292394,-0.9652195220003223,4.197041495118135
2021-09-01,5.029192861458152,-2.481337473853036,-0.9610257739894261,4.197041470819104
2021-10-01,5.028556946975658,-2.4758772487729575,-0.9571024127215811,4.197041454392667
2021-11-01,5.0279424816054945,-2.470509780108,-0.9534320053442107,4.197041443288199
2021-12-01,5.027348741878654,-2.4652334921442645,-0.9499982429664587,4.197041435781445
2022-01-01,5.026775028728417,-2.460046835935536,-0.9467858681931408,4.19704143070679
2022-02-01,5.02622066666727,-2.454948288848562,-0.9437806073308544,4.197041427276262
2022-03-01,5.0256850029915965,-2.4499363541160557,-0.940969106965017,4.197041424957184
2022-04-01,5.02516740701318,-2.4450095603972968,-0.9383388746260212,4.197041423389459
2022-05-01,5.024667269316637,-2.4401664613461915,-0.935878223280867,4.197041422329659
2022-06-01,5.024184001041895,-2.4354056351866737,-0.9335762194036274,4.197041421613221
2022-07-01,5.023717033190868,-2.4307256842953167,-0.9314226343940073,4.1970414211289
2022-08-01,5.023265815957522,-2.4261252347910376,-0.92940789912813,4.197041420801494
2022-09-01,5.022829818080536,-2.42160293613177,-0.9275230614396074,4.197041420580163
2022-10-01,5.022408526217798,-2.4171574607179886,-0.9257597463419642,4.197041420430541
2022-11-01,5.022001444341994,-2.4127875035029707,-0.924110118815674,4.197041420329394
2022-12-01,5.021608093156593,-2.408491781609675,-0.9225668489944538,4.1970414202610185
2023-01-01,5.021228009531522,-2.404269033954132,-0.921123079596131,4.197041420214795
2023-02-01,5.020860745957879,-2.4001180208752313,-0.9197723954533638,4.197041420183548
2023-03-01,5.020505870021038,-2.396037523770795,-0.9185087950088313,4.197041420162424
2023-04-01,5.020162963891526,-2.3920263447398384,-0.917326663648237,4.197041420148144
2023-05-01,5.0198316238330705,-2.388083306230905,-0.9162207487526328,4.197041420138491
2023-06-01,5.019511459727246,-2.3842072506963743,-0.9151861363592145,4.197041420131965
2023-07-01,5.019202094614147,-2.380397040252644,-0.9142182293268838,4.197041420127554
2023-08-01,5.018903164248556,-2.376651556346087,-0.9133127269095581,4.197041420124571
2023-09-01,5.018614316671087,-2.3729696994246754,-0.9124656056464672,4.197041420122555
2023-10-01,5.0183352117937865,-2.369350388615193,-0.9116731014845234,4.1970414201211925
2023-11-01,5.018065520999716,-2.365792561405924,-0.9109316930533307,4.1970414201202715
2023-12-01,5.017804926756041,-2.3622951733347324,-0.9102380860185165,4.197041420119649
2024-01-01,5.017553122240165,-2.358857197682445,-0.909589198443864,4.197041420119228
2024-02-01,5.017309810978485,-2.355477625171439,-0.9089821470972015,4.197041420118944
2024-03-01,5.0170747064973185,-2.3521554636693502,-0.9084142346392043,4.197041420118751
2024-04-01,5.016847531985613,-2.3488897378978155,-0.907882937638182,4.19704142011862
2024-05-01,5.01662801996903,-2.345679489146164,-0.9073858953575973,4.197041420118532
2024-06-01,5.01641591199502,-2.3425237749899703,-0.9069208992664968,4.197041420118473
2024-07-01,5.016210958328526,-2.3394216690143885,-0.9064858832262428,4.197041420118433
2024-08-01,5.01601291765794,-2.3363722605421877,-0.9060789143099442,4.197041420118405
2024-09-01,5.015821556810987,-2.3333746543664073,-0.905698184213793,4.197041420118388
2024-10-01,5.015636650480193,-2.330427970487553,-0.905342001222144,4.197041420118375
2024-11-01,5.0154579809576,-2.3275313438552563,-0.9050087826906372,4.197041420118367
2024-12-01,5.015285337878445,-2.324683924114327,-0.9046970480139601,4.197041420118361
2025-01-01,5.015118517973474,-2.3218848753551136,-0.9044054120470061,4.1970414201183575
2025-02-01,5.0149573248296155,-2.3191333758681085,-0.904132578950195,4.197041420118355
2025-03-01,5.014801568658722,-2.3164286179027216,-0.9038773364316094,4.197041420118353
2025-04-01,5.0146510660741175,-2.3137698074301505,-0.9036385503603613,4.197041420118352
2025-05-01,5.014505639874675,-2.311156163910279,-0.9034151597272567,4.197041420118351
2025-06-01,5.014365118836183,-2.308586920062537,-0.9032061719303637,4.19704142011835
2025-07-01,5.0142293375097475,-2.3060613216406503,-0.9030106583645385,4.19704142011835
2025-08-01,5.014098136026991,-2.30357862721122,-0.9028277502953117,4.19704142011835
2025-09-01,5.013971359911826,-2.3011381079360627,-0.9026566349987998,4.19704142011835
2025-10-01,5.013848859898574,-2.298739047358244,-0.9024965521504917,4.19704142011835
2025-11-01,5.013730491756221,-2.296380741191753,-0.9023467904468637,4.19704142011835
2025-12-01,5.013616116118603,-2.294062497114746,-0.9022066844448117,4.19704142011835
2026-01-01,5.013505598320311,-2.291783634566303,-0.9020756116048567,4.19704142011835
2026-02-01,5.0133988082381435,-2.2895434845466385,-0.9019529895249869,4.19704142011835
2026-03-01,5.013295620137896,-2.2873413894207024,-0.9018382733528436,4.19704142011835
2026-04-01,5.013195912526322,-2.2851767027251224,-0.9017309533647535,4.19704142011835
2026-05-01,5.013099568008087,-2.283048788978422,-0.9016305527008499,4.19704142011835
2026-06-01,5.013006473147552,-2.2809570234944645,-0.9015366252462194,4.19704142011835
2026-07-01,5.012916518335209,-2.278900792199065,-0.9014487536486586,4.19704142011835
2026-08-01,5.01282959765863,-2.276879491449719,-0.9013665474642341,4.19704142011835
2026-09-01,5.012745608777768,-2.2748925278583907,-0.9012896414224045,4.19704142011835
2026-10-01,5.012664452804459,-2.272939318117317,-0.9012176938029974,4.19704142011835
2026-11-01,5.012586034185992,-2.271019288827764,-0.901150384917828,4.19704142011835
2026-12-01,5.012510260592606,-2.2691318763316968,-0.9010874156902134,4.19704142011835
2027-01-01,5.012437042808784,-2.2672765265463095,-0.9010285063260726,4.19704142011835
