forecast_origin,horizon,total_observations,usable_ns_samples,usable_pca_samples,ns_features,pca_features,latest_training_target_position,forecast_origin_position
2021-12-31,5,4247,4220,4220,46,46,4246,4246
2021-12-31,10,4247,4215,4215,46,46,4246,4246
2021-12-31,22,4247,4203,4203,46,46,4246,4246
2021-12-31,44,4247,4181,4181,46,46,4246,4246
2021-12-31,66,4247,4159,4159,46,46,4246,4246
2021-12-31,132,4247,4093,4093,46,46,4246,4246
2021-12-31,252,4247,3973,3973,46,46,4246,4246
2022-01-31,5,4267,4240,4240,46,46,4266,4266
2022-01-31,10,4267,4235,4235,46,46,4266,4266
2022-01-31,22,4267,4223,4223,46,46,4266,4266
2022-01-31,44,4267,4201,4201,46,46,4266,4266
2022-01-31,66,4267,4179,4179,46,46,4266,4266
2022-01-31,132,4267,4113,4113,46,46,4266,4266
2022-01-31,252,4267,3993,3993,46,46,4266,4266
2022-02-28,5,4287,4260,4260,46,46,4286,4286
2022-02-28,10,4287,4255,4255,46,46,4286,4286
2022-02-28,22,4287,4243,4243,46,46,4286,4286
2022-02-28,44,4287,4221,4221,46,46,4286,4286
2022-02-28,66,4287,4199,4199,46,46,4286,4286
2022-02-28,132,4287,4133,4133,46,46,4286,4286
2022-02-28,252,4287,4013,4013,46,46,4286,4286
2022-03-31,5,4310,4283,4283,46,46,4309,4309
2022-03-31,10,4310,4278,4278,46,46,4309,4309
2022-03-31,22,4310,4266,4266,46,46,4309,4309
2022-03-31,44,4310,4244,4244,46,46,4309,4309
2022-03-31,66,4310,4222,4222,46,46,4309,4309
2022-03-31,132,4310,4156,4156,46,46,4309,4309
2022-03-31,252,4310,4036,4036,46,46,4309,4309
2022-04-29,5,4329,4302,4302,46,46,4328,4328
2022-04-29,10,4329,4297,4297,46,46,4328,4328
2022-04-29,22,4329,4285,4285,46,46,4328,4328
2022-04-29,44,4329,4263,4263,46,46,4328,4328
2022-04-29,66,4329,4241,4241,46,46,4328,4328
2022-04-29,132,4329,4175,4175,46,46,4328,4328
2022-04-29,252,4329,4055,4055,46,46,4328,4328
2022-05-31,5,4349,4322,4322,46,46,4348,4348
2022-05-31,10,4349,4317,4317,46,46,4348,4348
2022-05-31,22,4349,4305,4305,46,46,4348,4348
2022-05-31,44,4349,4283,4283,46,46,4348,4348
2022-05-31,66,4349,4261,4261,46,46,4348,4348
2022-05-31,132,4349,4195,4195,46,46,4348,4348
2022-05-31,252,4349,4075,4075,46,46,4348,4348
2022-06-24,5,4367,4340,4340,46,46,4366,4366
2022-06-24,10,4367,4335,4335,46,46,4366,4366
2022-06-24,22,4367,4323,4323,46,46,4366,4366
2022-06-24,44,4367,4301,4301,46,46,4366,4366
2022-06-24,66,4367,4279,4279,46,46,4366,4366
2022-06-24,132,4367,4213,4213,46,46,4366,4366
2022-06-24,252,4367,4093,4093,46,46,4366,4366
2022-07-29,5,4386,4359,4359,46,46,4385,4385
2022-07-29,10,4386,4354,4354,46,46,4385,4385
2022-07-29,22,4386,4342,4342,46,46,4385,4385
2022-07-29,44,4386,4320,4320,46,46,4385,4385
2022-07-29,66,4386,4298,4298,46,46,4385,4385
2022-07-29,132,4386,4232,4232,46,46,4385,4385
2022-07-29,252,4386,4112,4112,46,46,4385,4385
2022-08-31,5,4409,4382,4382,46,46,4408,4408
2022-08-31,10,4409,4377,4377,46,46,4408,4408
2022-08-31,22,4409,4365,4365,46,46,4408,4408
2022-08-31,44,4409,4343,4343,46,46,4408,4408
2022-08-31,66,4409,4321,4321,46,46,4408,4408
2022-08-31,132,4409,4255,4255,46,46,4408,4408
2022-08-31,252,4409,4135,4135,46,46,4408,4408
2022-09-30,5,4431,4404,4404,46,46,4430,4430
2022-09-30,10,4431,4399,4399,46,46,4430,4430
2022-09-30,22,4431,4387,4387,46,46,4430,4430
2022-09-30,44,4431,4365,4365,46,46,4430,4430
2022-09-30,66,4431,4343,4343,46,46,4430,4430
2022-09-30,132,4431,4277,4277,46,46,4430,4430
2022-09-30,252,4431,4157,4157,46,46,4430,4430
2022-10-31,5,4451,4424,4424,46,46,4450,4450
2022-10-31,10,4451,4419,4419,46,46,4450,4450
2022-10-31,22,4451,4407,4407,46,46,4450,4450
2022-10-31,44,4451,4385,4385,46,46,4450,4450
2022-10-31,66,4451,4363,4363,46,46,4450,4450
2022-10-31,132,4451,4297,4297,46,46,4450,4450
2022-10-31,252,4451,4177,4177,46,46,4450,4450
2022-11-30,5,4472,4445,4445,46,46,4471,4471
2022-11-30,10,4472,4440,4440,46,46,4471,4471
2022-11-30,22,4472,4428,4428,46,46,4471,4471
2022-11-30,44,4472,4406,4406,46,46,4471,4471
2022-11-30,66,4472,4384,4384,46,46,4471,4471
2022-11-30,132,4472,4318,4318,46,46,4471,4471
2022-11-30,252,4472,4198,4198,46,46,4471,4471
2022-12-30,5,4493,4466,4466,46,46,4492,4492
2022-12-30,10,4493,4461,4461,46,46,4492,4492
2022-12-30,22,4493,4449,4449,46,46,4492,4492
2022-12-30,44,4493,4427,4427,46,46,4492,4492
2022-12-30,66,4493,4405,4405,46,46,4492,4492
2022-12-30,132,4493,4339,4339,46,46,4492,4492
2022-12-30,252,4493,4219,4219,46,46,4492,4492
2023-01-31,5,4514,4487,4487,46,46,4513,4513
2023-01-31,10,4514,4482,4482,46,46,4513,4513
2023-01-31,22,4514,4470,4470,46,46,4513,4513
2023-01-31,44,4514,4448,4448,46,46,4513,4513
2023-01-31,66,4514,4426,4426,46,46,4513,4513
2023-01-31,132,4514,4360,4360,46,46,4513,4513
2023-01-31,252,4514,4240,4240,46,46,4513,4513
2023-02-28,5,4534,4507,4507,46,46,4533,4533
2023-02-28,10,4534,4502,4502,46,46,4533,4533
2023-02-28,22,4534,4490,4490,46,46,4533,4533
2023-02-28,44,4534,4468,4468,46,46,4533,4533
2023-02-28,66,4534,4446,4446,46,46,4533,4533
2023-02-28,132,4534,4380,4380,46,46,4533,4533
2023-02-28,252,4534,4260,4260,46,46,4533,4533
2023-03-31,5,4557,4530,4530,46,46,4556,4556
2023-03-31,10,4557,4525,4525,46,46,4556,4556
2023-03-31,22,4557,4513,4513,46,46,4556,4556
2023-03-31,44,4557,4491,4491,46,46,4556,4556
2023-03-31,66,4557,4469,4469,46,46,4556,4556
2023-03-31,132,4557,4403,4403,46,46,4556,4556
2023-03-31,252,4557,4283,4283,46,46,4556,4556
2023-04-28,5,4574,4547,4547,46,46,4573,4573
2023-04-28,10,4574,4542,4542,46,46,4573,4573
2023-04-28,22,4574,4530,4530,46,46,4573,4573
2023-04-28,44,4574,4508,4508,46,46,4573,4573
2023-04-28,66,4574,4486,4486,46,46,4573,4573
2023-04-28,132,4574,4420,4420,46,46,4573,4573
2023-04-28,252,4574,4300,4300,46,46,4573,4573
2023-05-31,5,4596,4569,4569,46,46,4595,4595
2023-05-31,10,4596,4564,4564,46,46,4595,4595
2023-05-31,22,4596,4552,4552,46,46,4595,4595
2023-05-31,44,4596,4530,4530,46,46,4595,4595
2023-05-31,66,4596,4508,4508,46,46,4595,4595
2023-05-31,132,4596,4442,4442,46,46,4595,4595
2023-05-31,252,4596,4322,4322,46,46,4595,4595
2023-06-27,5,4615,4588,4588,46,46,4614,4614
2023-06-27,10,4615,4583,4583,46,46,4614,4614
2023-06-27,22,4615,4571,4571,46,46,4614,4614
2023-06-27,44,4615,4549,4549,46,46,4614,4614
2023-06-27,66,4615,4527,4527,46,46,4614,4614
2023-06-27,132,4615,4461,4461,46,46,4614,4614
2023-06-27,252,4615,4341,4341,46,46,4614,4614
2023-07-31,5,4635,4608,4608,46,46,4634,4634
2023-07-31,10,4635,4603,4603,46,46,4634,4634
2023-07-31,22,4635,4591,4591,46,46,4634,4634
2023-07-31,44,4635,4569,4569,46,46,4634,4634
2023-07-31,66,4635,4547,4547,46,46,4634,4634
2023-07-31,132,4635,4481,4481,46,46,4634,4634
2023-07-31,252,4635,4361,4361,46,46,4634,4634
2023-08-31,5,4656,4629,4629,46,46,4655,4655
2023-08-31,10,4656,4624,4624,46,46,4655,4655
2023-08-31,22,4656,4612,4612,46,46,4655,4655
2023-08-31,44,4656,4590,4590,46,46,4655,4655
2023-08-31,66,4656,4568,4568,46,46,4655,4655
2023-08-31,132,4656,4502,4502,46,46,4655,4655
2023-08-31,252,4656,4382,4382,46,46,4655,4655
2023-09-27,5,4675,4648,4648,46,46,4674,4674
2023-09-27,10,4675,4643,4643,46,46,4674,4674
2023-09-27,22,4675,4631,4631,46,46,4674,4674
2023-09-27,44,4675,4609,4609,46,46,4674,4674
2023-09-27,66,4675,4587,4587,46,46,4674,4674
2023-09-27,132,4675,4521,4521,46,46,4674,4674
2023-09-27,252,4675,4401,4401,46,46,4674,4674
2023-10-31,5,4697,4670,4670,46,46,4696,4696
2023-10-31,10,4697,4665,4665,46,46,4696,4696
2023-10-31,22,4697,4653,4653,46,46,4696,4696
2023-10-31,44,4697,4631,4631,46,46,4696,4696
2023-10-31,66,4697,4609,4609,46,46,4696,4696
2023-10-31,132,4697,4543,4543,46,46,4696,4696
2023-10-31,252,4697,4423,4423,46,46,4696,4696
2023-11-30,5,4718,4691,4691,46,46,4717,4717
2023-11-30,10,4718,4686,4686,46,46,4717,4717
2023-11-30,22,4718,4674,4674,46,46,4717,4717
2023-11-30,44,4718,4652,4652,46,46,4717,4717
2023-11-30,66,4718,4630,4630,46,46,4717,4717
2023-11-30,132,4718,4564,4564,46,46,4717,4717
2023-11-30,252,4718,4444,4444,46,46,4717,4717
2023-12-29,5,4737,4710,4710,46,46,4736,4736
2023-12-29,10,4737,4705,4705,46,46,4736,4736
2023-12-29,22,4737,4693,4693,46,46,4736,4736
2023-12-29,44,4737,4671,4671,46,46,4736,4736
2023-12-29,66,4737,4649,4649,46,46,4736,4736
2023-12-29,132,4737,4583,4583,46,46,4736,4736
2023-12-29,252,4737,4463,4463,46,46,4736,4736
2024-01-31,5,4752,4725,4725,46,46,4751,4751
2024-01-31,10,4752,4720,4720,46,46,4751,4751
2024-01-31,22,4752,4708,4708,46,46,4751,4751
2024-01-31,44,4752,4686,4686,46,46,4751,4751
2024-01-31,66,4752,4664,4664,46,46,4751,4751
2024-01-31,132,4752,4598,4598,46,46,4751,4751
2024-01-31,252,4752,4478,4478,46,46,4751,4751
2024-02-29,5,4773,4746,4746,46,46,4772,4772
2024-02-29,10,4773,4741,4741,46,46,4772,4772
2024-02-29,22,4773,4729,4729,46,46,4772,4772
2024-02-29,44,4773,4707,4707,46,46,4772,4772
2024-02-29,66,4773,4685,4685,46,46,4772,4772
2024-02-29,132,4773,4619,4619,46,46,4772,4772
2024-02-29,252,4773,4499,4499,46,46,4772,4772
2024-03-28,5,4793,4766,4766,46,46,4792,4792
2024-03-28,10,4793,4761,4761,46,46,4792,4792
2024-03-28,22,4793,4749,4749,46,46,4792,4792
2024-03-28,44,4793,4727,4727,46,46,4792,4792
2024-03-28,66,4793,4705,4705,46,46,4792,4792
2024-03-28,132,4793,4639,4639,46,46,4792,4792
2024-03-28,252,4793,4519,4519,46,46,4792,4792
2024-04-30,5,4811,4784,4784,46,46,4810,4810
2024-04-30,10,4811,4779,4779,46,46,4810,4810
2024-04-30,22,4811,4767,4767,46,46,4810,4810
2024-04-30,44,4811,4745,4745,46,46,4810,4810
2024-04-30,66,4811,4723,4723,46,46,4810,4810
2024-04-30,132,4811,4657,4657,46,46,4810,4810
2024-04-30,252,4811,4537,4537,46,46,4810,4810
2024-05-31,5,4833,4806,4806,46,46,4832,4832
2024-05-31,10,4833,4801,4801,46,46,4832,4832
2024-05-31,22,4833,4789,4789,46,46,4832,4832
2024-05-31,44,4833,4767,4767,46,46,4832,4832
2024-05-31,66,4833,4745,4745,46,46,4832,4832
2024-05-31,132,4833,4679,4679,46,46,4832,4832
2024-05-31,252,4833,4559,4559,46,46,4832,4832
2024-06-28,5,4851,4824,4824,46,46,4850,4850
2024-06-28,10,4851,4819,4819,46,46,4850,4850
2024-06-28,22,4851,4807,4807,46,46,4850,4850
2024-06-28,44,4851,4785,4785,46,46,4850,4850
2024-06-28,66,4851,4763,4763,46,46,4850,4850
2024-06-28,132,4851,4697,4697,46,46,4850,4850
2024-06-28,252,4851,4577,4577,46,46,4850,4850
2024-07-31,5,4873,4846,4846,46,46,4872,4872
2024-07-31,10,4873,4841,4841,46,46,4872,4872
2024-07-31,22,4873,4829,4829,46,46,4872,4872
2024-07-31,44,4873,4807,4807,46,46,4872,4872
2024-07-31,66,4873,4785,4785,46,46,4872,4872
2024-07-31,132,4873,4719,4719,46,46,4872,4872
2024-07-31,252,4873,4599,4599,46,46,4872,4872
2024-08-30,5,4892,4865,4865,46,46,4891,4891
2024-08-30,10,4892,4860,4860,46,46,4891,4891
2024-08-30,22,4892,4848,4848,46,46,4891,4891
2024-08-30,44,4892,4826,4826,46,46,4891,4891
2024-08-30,66,4892,4804,4804,46,46,4891,4891
2024-08-30,132,4892,4738,4738,46,46,4891,4891
2024-08-30,252,4892,4618,4618,46,46,4891,4891
2024-09-30,5,4911,4884,4884,46,46,4910,4910
2024-09-30,10,4911,4879,4879,46,46,4910,4910
2024-09-30,22,4911,4867,4867,46,46,4910,4910
2024-09-30,44,4911,4845,4845,46,46,4910,4910
2024-09-30,66,4911,4823,4823,46,46,4910,4910
2024-09-30,132,4911,4757,4757,46,46,4910,4910
2024-09-30,252,4911,4637,4637,46,46,4910,4910
2024-10-31,5,4934,4907,4907,46,46,4933,4933
2024-10-31,10,4934,4902,4902,46,46,4933,4933
2024-10-31,22,4934,4890,4890,46,46,4933,4933
2024-10-31,44,4934,4868,4868,46,46,4933,4933
2024-10-31,66,4934,4846,4846,46,46,4933,4933
2024-10-31,132,4934,4780,4780,46,46,4933,4933
2024-10-31,252,4934,4660,4660,46,46,4933,4933
2024-11-29,5,4953,4926,4926,46,46,4952,4952
2024-11-29,10,4953,4921,4921,46,46,4952,4952
2024-11-29,22,4953,4909,4909,46,46,4952,4952
2024-11-29,44,4953,4887,4887,46,46,4952,4952
2024-11-29,66,4953,4865,4865,46,46,4952,4952
2024-11-29,132,4953,4799,4799,46,46,4952,4952
2024-11-29,252,4953,4679,4679,46,46,4952,4952
2024-12-30,5,4971,4944,4944,46,46,4970,4970
2024-12-30,10,4971,4939,4939,46,46,4970,4970
2024-12-30,22,4971,4927,4927,46,46,4970,4970
2024-12-30,44,4971,4905,4905,46,46,4970,4970
2024-12-30,66,4971,4883,4883,46,46,4970,4970
2024-12-30,132,4971,4817,4817,46,46,4970,4970
2024-12-30,252,4971,4697,4697,46,46,4970,4970
2025-01-31,5,4992,4965,4965,46,46,4991,4991
2025-01-31,10,4992,4960,4960,46,46,4991,4991
2025-01-31,22,4992,4948,4948,46,46,4991,4991
2025-01-31,44,4992,4926,4926,46,46,4991,4991
2025-01-31,66,4992,4904,4904,46,46,4991,4991
2025-01-31,132,4992,4838,4838,46,46,4991,4991
2025-01-31,252,4992,4718,4718,46,46,4991,4991
2025-02-28,5,5012,4985,4985,46,46,5011,5011
2025-02-28,10,5012,4980,4980,46,46,5011,5011
2025-02-28,22,5012,4968,4968,46,46,5011,5011
2025-02-28,44,5012,4946,4946,46,46,5011,5011
2025-02-28,66,5012,4924,4924,46,46,5011,5011
2025-02-28,132,5012,4858,4858,46,46,5011,5011
2025-02-28,252,5012,4738,4738,46,46,5011,5011
2025-03-31,5,5033,5006,5006,46,46,5032,5032
2025-03-31,10,5033,5001,5001,46,46,5032,5032
2025-03-31,22,5033,4989,4989,46,46,5032,5032
2025-03-31,44,5033,4967,4967,46,46,5032,5032
2025-03-31,66,5033,4945,4945,46,46,5032,5032
2025-03-31,132,5033,4879,4879,46,46,5032,5032
2025-03-31,252,5033,4759,4759,46,46,5032,5032
2025-04-30,5,5049,5022,5022,46,46,5048,5048
2025-04-30,10,5049,5017,5017,46,46,5048,5048
2025-04-30,22,5049,5005,5005,46,46,5048,5048
2025-04-30,44,5049,4983,4983,46,46,5048,5048
2025-04-30,66,5049,4961,4961,46,46,5048,5048
2025-04-30,132,5049,4895,4895,46,46,5048,5048
2025-04-30,252,5049,4775,4775,46,46,5048,5048
2025-05-30,5,5070,5043,5043,46,46,5069,5069
2025-05-30,10,5070,5038,5038,46,46,5069,5069
2025-05-30,22,5070,5026,5026,46,46,5069,5069
2025-05-30,44,5070,5004,5004,46,46,5069,5069
2025-05-30,66,5070,4982,4982,46,46,5069,5069
2025-05-30,132,5070,4916,4916,46,46,5069,5069
2025-05-30,252,5070,4796,4796,46,46,5069,5069
2025-06-30,5,5090,5063,5063,46,46,5089,5089
2025-06-30,10,5090,5058,5058,46,46,5089,5089
2025-06-30,22,5090,5046,5046,46,46,5089,5089
2025-06-30,44,5090,5024,5024,46,46,5089,5089
2025-06-30,66,5090,5002,5002,46,46,5089,5089
2025-06-30,132,5090,4936,4936,46,46,5089,5089
2025-07-31,5,5113,5086,5086,46,46,5112,5112
2025-07-31,10,5113,5081,5081,46,46,5112,5112
2025-07-31,22,5113,5069,5069,46,46,5112,5112
2025-07-31,44,5113,5047,5047,46,46,5112,5112
2025-07-31,66,5113,5025,5025,46,46,5112,5112
2025-07-31,132,5113,4959,4959,46,46,5112,5112
2025-08-29,5,5134,5107,5107,46,46,5133,5133
2025-08-29,10,5134,5102,5102,46,46,5133,5133
2025-08-29,22,5134,5090,5090,46,46,5133,5133
2025-08-29,44,5134,5068,5068,46,46,5133,5133
2025-08-29,66,5134,5046,5046,46,46,5133,5133
2025-08-29,132,5134,4980,4980,46,46,5133,5133
2025-09-30,5,5156,5129,5129,46,46,5155,5155
2025-09-30,10,5156,5124,5124,46,46,5155,5155
2025-09-30,22,5156,5112,5112,46,46,5155,5155
2025-09-30,44,5156,5090,5090,46,46,5155,5155
2025-09-30,66,5156,5068,5068,46,46,5155,5155
2025-09-30,132,5156,5002,5002,46,46,5155,5155
2025-10-31,5,5179,5152,5152,46,46,5178,5178
2025-10-31,10,5179,5147,5147,46,46,5178,5178
2025-10-31,22,5179,5135,5135,46,46,5178,5178
2025-10-31,44,5179,5113,5113,46,46,5178,5178
2025-10-31,66,5179,5091,5091,46,46,5178,5178
2025-10-31,132,5179,5025,5025,46,46,5178,5178
2025-11-28,5,5197,5170,5170,46,46,5196,5196
2025-11-28,10,5197,5165,5165,46,46,5196,5196
2025-11-28,22,5197,5153,5153,46,46,5196,5196
2025-11-28,44,5197,5131,5131,46,46,5196,5196
2025-11-28,66,5197,5109,5109,46,46,5196,5196
2025-12-31,5,5218,5191,5191,46,46,5217,5217
2025-12-31,10,5218,5186,5186,46,46,5217,5217
2025-12-31,22,5218,5174,5174,46,46,5217,5217
2025-12-31,44,5218,5152,5152,46,46,5217,5217
2025-12-31,66,5218,5130,5130,46,46,5217,5217
2026-01-30,5,5238,5211,5211,46,46,5237,5237
2026-01-30,10,5238,5206,5206,46,46,5237,5237
2026-01-30,22,5238,5194,5194,46,46,5237,5237
2026-01-30,44,5238,5172,5172,46,46,5237,5237
2026-01-30,66,5238,5150,5150,46,46,5237,5237
2026-02-27,5,5258,5231,5231,46,46,5257,5257
2026-02-27,10,5258,5226,5226,46,46,5257,5257
2026-02-27,22,5258,5214,5214,46,46,5257,5257
2026-02-27,44,5258,5192,5192,46,46,5257,5257
2026-02-27,66,5258,5170,5170,46,46,5257,5257
2026-03-31,5,5278,5251,5251,46,46,5277,5277
2026-03-31,10,5278,5246,5246,46,46,5277,5277
2026-03-31,22,5278,5234,5234,46,46,5277,5277
2026-03-31,44,5278,5212,5212,46,46,5277,5277
2026-04-30,5,5298,5271,5271,46,46,5297,5297
2026-04-30,10,5298,5266,5266,46,46,5297,5297
2026-04-30,22,5298,5254,5254,46,46,5297,5297
2026-05-26,5,5315,5288,5288,46,46,5314,5314
2026-05-26,10,5315,5283,5283,46,46,5314,5314
