model,representation,variant,horizon,maturity,n,mae,rmse,bias,rmse_ratio_vs_persistence,rmse_improvement_pct,mae_ratio_vs_persistence,mae_improvement_pct,rate_unit
DNS_KALMAN_OU,NS,existing,5,0.25,56,0.0005675718314827907,0.0007120193272368756,-0.00020384581522990986,0.7804520836559925,21.95479163440075,0.8613556250145331,13.864437498546687,decimal
DNS_KALMAN_OU,NS,existing,5,0.5,56,0.0011969574126259389,0.0015414330302367626,-0.0008461679733180204,1.8819066499748125,-88.19066499748125,1.9096756440755724,-90.96756440755723,decimal
DNS_KALMAN_OU,NS,existing,5,1.0,56,0.0012135541842887055,0.0015377894442187904,-0.0006012781725644167,1.25890127478331,-25.890127478331003,1.2726410921379676,-27.264109213796758,decimal
DNS_KALMAN_OU,NS,existing,5,2.0,56,0.0013168271001879222,0.0015702021614962373,-0.0003356551975794526,1.0319212973041323,-3.192129730413237,1.0299206370184864,-2.992063701848644,decimal
DNS_KALMAN_OU,NS,existing,5,3.0,56,0.0012798828128402356,0.0015776292234356184,-7.936093426912964e-05,1.0106765422987902,-1.0676542298790297,0.9725025443562173,2.7497455643782662,decimal
DNS_KALMAN_OU,NS,existing,5,5.0,56,0.001287458718204203,0.001518746801545716,4.869600637882085e-05,0.9620872725765259,3.7912727423474033,0.9474072039347616,5.259279606523835,decimal
DNS_KALMAN_OU,NS,existing,5,7.0,56,0.0013662345081409412,0.001553747104215057,-0.00041097266471358946,0.9760749069268011,2.3925093073198918,0.9962126621861039,0.3787337813896047,decimal
DNS_KALMAN_OU,NS,existing,5,10.0,56,0.0013880084065098532,0.001628073823333591,-0.0006071098252974546,1.059425121267726,-5.9425121267725896,1.0633169735232804,-6.331697352328032,decimal
DNS_KALMAN_OU,NS,existing,10,0.25,55,0.0012181761217276263,0.0017610079046420598,-0.0008486824490470394,0.9031619523932775,9.683804760672258,1.0213366874240766,-2.133668742407649,decimal
DNS_KALMAN_OU,NS,existing,10,0.5,55,0.0017694267391567386,0.0025656953950098055,-0.0013600180371742916,1.3730991506068582,-37.30991506068581,1.463435648926626,-46.3435648926626,decimal
DNS_KALMAN_OU,NS,existing,10,1.0,55,0.00190529599900084,0.002802322293091096,-0.0010620218505056575,1.138912480221589,-13.89124802215891,1.1415172107303504,-14.15172107303504,decimal
DNS_KALMAN_OU,NS,existing,10,2.0,55,0.0020710234217317177,0.0026718466943509876,-0.0006848096498390778,1.0025336668772211,-0.25336668772211196,1.012500339513284,-1.2500339513284107,decimal
DNS_KALMAN_OU,NS,existing,10,3.0,55,0.0021184344308830326,0.0026659462517553186,-0.00040796675117532827,0.9849462772048183,1.5053722795181657,0.9924522461547425,0.7547753845257492,decimal
DNS_KALMAN_OU,NS,existing,10,5.0,55,0.002019504902348989,0.002486067635893051,-0.00024119006802046864,0.9505969872970744,4.940301270292561,0.950965493400637,4.9034506599363015,decimal
DNS_KALMAN_OU,NS,existing,10,7.0,55,0.002021139192285408,0.0024668322925193976,-0.0006641428722851255,0.9778412090854637,2.2158790914536293,0.9846116525748229,1.538834742517714,decimal
DNS_KALMAN_OU,NS,existing,10,10.0,55,0.002048161117457747,0.002447430310800661,-0.0008236776215620087,1.030537458237246,-3.053745823724606,1.0478963856760566,-4.789638567605655,decimal
DNS_KALMAN_OU,NS,existing,22,0.25,55,0.0020724586998977627,0.0027632740345239224,-0.0016785204264473108,1.0392628862641708,-3.9262886264170853,1.1836472325480467,-18.364723254804677,decimal
DNS_KALMAN_OU,NS,existing,22,0.5,55,0.0027005691348897945,0.003605990991660157,-0.0021824345177279742,1.3956747321408691,-39.56747321408691,1.5171736712864017,-51.71736712864017,decimal
DNS_KALMAN_OU,NS,existing,22,1.0,55,0.002600740462488699,0.003394026579641241,-0.0017341494499550356,1.2019106189874278,-20.191061898742788,1.19200604530732,-19.20060453073201,decimal
DNS_KALMAN_OU,NS,existing,22,2.0,55,0.002647573180304807,0.0033729681798796494,-0.0011387158961054403,1.0157046613262346,-1.570466132623456,1.0261911551569014,-2.61911551569013,decimal
DNS_KALMAN_OU,NS,existing,22,3.0,55,0.0026485747465066363,0.0033657251813035216,-0.0007820629090410684,0.9906361536649286,0.9363846335071403,0.9991194174064808,0.08805825935191836,decimal
DNS_KALMAN_OU,NS,existing,22,5.0,55,0.002511745524757426,0.0031677025698904565,-0.00043584348132115334,0.9557066316516118,4.4293368348388125,0.9560277083851796,4.397229161482038,decimal
DNS_KALMAN_OU,NS,existing,22,7.0,55,0.002531553078590743,0.0031413161081605503,-0.0008612790753086151,0.9834264701544034,1.6573529845596533,0.9917052658297073,0.8294734170292705,decimal
DNS_KALMAN_OU,NS,existing,22,10.0,55,0.002472272302666064,0.003078091428395263,-0.0010580376571647742,1.015861196611767,-1.586119661176689,1.0379769209666685,-3.7976920966668515,decimal
DNS_KALMAN_OU,NS,existing,44,0.25,54,0.004162567939263657,0.005488333718378877,-0.003599014291555231,1.1478212332652982,-14.782123326529808,1.296301434372765,-29.630143437276498,decimal
DNS_KALMAN_OU,NS,existing,44,0.5,54,0.004689124124994421,0.006227324736250268,-0.003861741311033279,1.3133380581771823,-31.33380581771822,1.424944866346082,-42.49448663460821,decimal
DNS_KALMAN_OU,NS,existing,44,1.0,54,0.004256174533922893,0.0057403074296827495,-0.0030412660617920593,1.1804524203592581,-18.045242035925824,1.153203335834602,-15.320333583460219,decimal
DNS_KALMAN_OU,NS,existing,44,2.0,54,0.004191525351612788,0.005416616050465444,-0.0021435382316471077,1.0203462419008855,-2.034624190088556,1.0330550843774102,-3.3055084377410195,decimal
DNS_KALMAN_OU,NS,existing,44,3.0,54,0.004031472214411907,0.005176750658782411,-0.0016130079147712922,0.99494995311319,0.5050046886809973,0.9995385655566712,0.04614344433288171,decimal
DNS_KALMAN_OU,NS,existing,44,5.0,54,0.003746832943332498,0.004716183302585754,-0.0011336667132932133,0.9676234569043942,3.2376543095605808,0.972268039115593,2.7731960884406996,decimal
DNS_KALMAN_OU,NS,existing,44,7.0,54,0.0036223988607687386,0.004602965208062351,-0.0015178729497765545,0.9943854371276691,0.5614562872330868,0.9884261671627685,1.1573832837231492,decimal
DNS_KALMAN_OU,NS,existing,44,10.0,54,0.003458929946409184,0.004394109387684341,-0.001700157870207483,1.0074201775660412,-0.7420177566041216,0.9935224314154041,0.6477568584595889,decimal
DNS_KALMAN_OU,NS,existing,66,0.25,53,0.0061752494742553865,0.008082909179543038,-0.005377621322210964,1.1808542207038026,-18.08542207038027,1.3250535309130993,-32.50535309130993,decimal
DNS_KALMAN_OU,NS,existing,66,0.5,53,0.006458885285814369,0.008531216266038847,-0.005365618393469853,1.2837533058068702,-28.37533058068702,1.3926807166320647,-39.26807166320648,decimal
DNS_KALMAN_OU,NS,existing,66,1.0,53,0.005723557852455684,0.007700768292949257,-0.004182998263086911,1.1622659885990427,-16.22659885990428,1.1775953656061773,-17.75953656061772,decimal
DNS_KALMAN_OU,NS,existing,66,2.0,53,0.005207525409153603,0.006897056085976806,-0.002807903220948569,1.0224537034430001,-2.2453703443000133,1.0147016422247828,-1.4701642224782803,decimal
DNS_KALMAN_OU,NS,existing,66,3.0,53,0.00500189687673424,0.0065174784729975935,-0.0020823612273614543,0.9892981306957677,1.0701869304232374,0.9869714611575384,1.3028538842461617,decimal
DNS_KALMAN_OU,NS,existing,66,5.0,53,0.004677745070864845,0.0059317494015480084,-0.001567202827815842,0.9674126382449701,3.258736175502986,0.9703345939563083,2.9665406043691744,decimal
DNS_KALMAN_OU,NS,existing,66,7.0,53,0.004523454334318188,0.005722629913194699,-0.001955224763952544,0.9860770150498916,1.39229849501083,0.9878165625004698,1.2183437499530185,decimal
DNS_KALMAN_OU,NS,existing,66,10.0,53,0.0042722695139530125,0.0054178851053782884,-0.0021935472318824274,0.9955383928396281,0.44616071603718854,0.9926798958330103,0.7320104166989712,decimal
DNS_KALMAN_OU,NS,existing,132,0.25,50,0.011711510609949379,0.015524675516650847,-0.010592618981123254,1.1938568864106531,-19.385688641065304,1.3284381363372708,-32.84381363372709,decimal
DNS_KALMAN_OU,NS,existing,132,0.5,50,0.010954296337828113,0.014975111834176665,-0.009744295407119779,1.2221865194601658,-22.218651946016582,1.3313437454822694,-33.13437454822694,decimal
DNS_KALMAN_OU,NS,existing,132,1.0,50,0.008865366515459449,0.012663547275626885,-0.007565761178249198,1.1579838323219953,-15.79838323219954,1.18806841536578,-18.806841536577984,decimal
DNS_KALMAN_OU,NS,existing,132,2.0,50,0.006565538951742826,0.009444120151700106,-0.005052490803826947,1.075559188195567,-7.555918819556698,1.0368823360301367,-3.6882336030136798,decimal
DNS_KALMAN_OU,NS,existing,132,3.0,50,0.0057217352997994,0.008014452561946696,-0.003797249793488272,1.019376586419388,-1.9376586419387936,0.9851472623621556,1.485273763784445,decimal
DNS_KALMAN_OU,NS,existing,132,5.0,50,0.004958548814167584,0.006662412735245199,-0.0031442610495694577,0.9759077222910223,2.409227770897773,0.9799503585311431,2.0049641468856936,decimal
DNS_KALMAN_OU,NS,existing,132,7.0,50,0.004914627523936735,0.006456447273213263,-0.003544823236630287,1.010617700582538,-1.0617700582538103,1.0342229637914002,-3.4222963791400174,decimal
DNS_KALMAN_OU,NS,existing,132,10.0,50,0.004757811154296776,0.006224140503277544,-0.0038565483905206753,1.0328365063710565,-3.2836506371056435,1.0577614838365443,-5.776148383654432,decimal
DNS_KALMAN_OU,NS,existing,252,0.25,44,0.017270246488359363,0.024082321467618944,-0.017158278845088807,1.196641708062761,-19.6641708062761,1.1783080252563372,-17.830802525633707,decimal
DNS_KALMAN_OU,NS,existing,252,0.5,44,0.015204849198511,0.021869528388393497,-0.014866665232776062,1.2014658210706013,-20.146582107060127,1.1630969484257374,-16.309694842573737,decimal
DNS_KALMAN_OU,NS,existing,252,1.0,44,0.012030709810302225,0.01797689900475053,-0.011011356296598104,1.1309774745047014,-13.097747450470148,1.075479950534941,-7.547995053494103,decimal
DNS_KALMAN_OU,NS,existing,252,2.0,44,0.009100680856684517,0.0131168501760738,-0.00704694979768074,1.0616573888032896,-6.165738880328955,1.0315042702063852,-3.1504270206385274,decimal
DNS_KALMAN_OU,NS,existing,252,3.0,44,0.007598846916624532,0.010658885515141067,-0.005300912884600738,1.0236975470550616,-2.369754705506153,1.007076097383974,-0.707609738397399,decimal
DNS_KALMAN_OU,NS,existing,252,5.0,44,0.006199157639082336,0.008576910154258524,-0.004425915728966809,0.9840391927037407,1.596080729625921,0.9665589515224053,3.3441048477594664,decimal
DNS_KALMAN_OU,NS,existing,252,7.0,44,0.0058620610908780065,0.00815532351354324,-0.005018034693498826,1.0086731056625515,-0.8673105662551504,0.9905172350177893,0.9482764982210721,decimal
DNS_KALMAN_OU,NS,existing,252,10.0,44,0.006017429069388622,0.007852039860481157,-0.005667473230536079,1.0233370828852266,-2.3337082885226725,1.0922726033543706,-9.227260335437053,decimal
NS_ELASTICNET,NS,direct_change,5,0.25,56,0.0005116200787509005,0.0006967664300275869,0.0001376249243316717,0.7637332180951709,23.62667819048291,0.7764423959363258,22.35576040636742,decimal
NS_ELASTICNET,NS,direct_change,5,0.5,56,0.001000988791018119,0.0013567995501629088,-0.0005690283098656177,1.6564911001953924,-65.64911001953924,1.5970191537611018,-59.701915376110186,decimal
NS_ELASTICNET,NS,direct_change,5,1.0,56,0.0010982182698071438,0.001427199609857148,-0.00041997318459470196,1.1683676298949668,-16.836762989496677,1.1516895713333337,-15.168957133333365,decimal
NS_ELASTICNET,NS,direct_change,5,2.0,56,0.0013273157355886852,0.0015735675845247315,-0.00026392433373982534,1.0341330199616987,-3.4133019961698716,1.03812403900791,-3.8124039007909967,decimal
NS_ELASTICNET,NS,direct_change,5,3.0,56,0.0012913027960913032,0.0016007119836252588,-5.9660863915534015e-05,1.0254640499771621,-2.546404997716209,0.9811798721996337,1.8820127800366366,decimal
NS_ELASTICNET,NS,direct_change,5,5.0,56,0.0013015047483554132,0.0015539321568637373,3.232906658357889e-05,0.9843762956698412,1.562370433015876,0.9577433102221174,4.2256689777882555,decimal
NS_ELASTICNET,NS,direct_change,5,7.0,56,0.0013905877636715255,0.0016039865317514545,-0.00043300344038906604,1.0076356702090716,-0.7635670209071722,1.0139702443438217,-1.3970244343821678,decimal
NS_ELASTICNET,NS,direct_change,5,10.0,56,0.0014343520483574462,0.0016857635046595616,-0.0006257763825151818,1.0969651251414567,-9.696512514145676,1.0988196266486594,-9.881962664865936,decimal
NS_ELASTICNET,NS,direct_change,10,0.25,55,0.0009997920852926163,0.00157462911436216,-0.00025140091253448345,0.8075745154089409,19.242548459105915,0.8382403154130164,16.175968458698367,decimal
NS_ELASTICNET,NS,direct_change,10,0.5,55,0.001473010726019433,0.0023219755449838055,-0.0008703245244952498,1.2426660837246328,-24.26660837246328,1.2182795478356214,-21.827954783562138,decimal
NS_ELASTICNET,NS,direct_change,10,1.0,55,0.0017661266125980784,0.00269035923353876,-0.0007326564816632216,1.0934087470634406,-9.340874706344051,1.0581368593997198,-5.813685939971988,decimal
NS_ELASTICNET,NS,direct_change,10,2.0,55,0.0021064894695545563,0.0026939590253702303,-0.0005397032133827582,1.0108306834488658,-1.0830683448865854,1.0298392962266718,-2.983929622667188,decimal
NS_ELASTICNET,NS,direct_change,10,3.0,55,0.0021636419553612072,0.0027196104287013655,-0.0003519587056123645,1.004772757677734,-0.477275767773402,1.0136312397348073,-1.3631239734807297,decimal
NS_ELASTICNET,NS,direct_change,10,5.0,55,0.0020432549142682726,0.002545231809927405,-0.00025063464248336714,0.9732195759913572,2.6780424008642814,0.9621491462735873,3.785085372641269,decimal
NS_ELASTICNET,NS,direct_change,10,7.0,55,0.0020752714255633056,0.0025305664315534004,-0.0006875411966823761,1.003105134712682,-0.31051347126819573,1.010982536811177,-1.0982536811176873,decimal
NS_ELASTICNET,NS,direct_change,10,10.0,55,0.002110502397465897,0.002520609371647372,-0.0008461300031174657,1.0613509049075571,-6.135090490755702,1.0797919242848777,-7.979192428487768,decimal
NS_ELASTICNET,NS,direct_change,22,0.25,55,0.0014861115261881996,0.00220469716723772,-0.0004927542666271679,0.8291830316990872,17.081696830091275,0.8487656691625228,15.12343308374772,decimal
NS_ELASTICNET,NS,direct_change,22,0.5,55,0.0021057980376633905,0.003070886971451904,-0.0012034605494435607,1.1885662945993145,-18.856629459931455,1.1830326054288713,-18.303260542887127,decimal
NS_ELASTICNET,NS,direct_change,22,1.0,55,0.00234920390737652,0.0030863874729059482,-0.0010629390223428222,1.092967833618894,-9.296783361889396,1.0767184575475715,-7.671845754757145,decimal
NS_ELASTICNET,NS,direct_change,22,2.0,55,0.002626233355868614,0.0033391143447978368,-0.0008211686113111232,1.0055102283335124,-0.5510228333512516,1.017919905375431,-1.7919905375431184,decimal
NS_ELASTICNET,NS,direct_change,22,3.0,55,0.00266015848933842,0.0034110100477033807,-0.0006363986125911421,1.003964878814203,-0.3964878814203028,1.0034891420686765,-0.34891420686763625,decimal
NS_ELASTICNET,NS,direct_change,22,5.0,55,0.0025543086157821596,0.003250514791004008,-0.00041895265100669137,0.9806913602218695,1.930863977813049,0.9722281928582616,2.7771807141738396,decimal
NS_ELASTICNET,NS,direct_change,22,7.0,55,0.0025827614045003163,0.003238203777825259,-0.0008742411070557937,1.0137583105993448,-1.3758310599344918,1.0117655074609504,-1.176550746095039,decimal
NS_ELASTICNET,NS,direct_change,22,10.0,55,0.002561072980867279,0.0031915087994594292,-0.0010724479157370396,1.0532922830385505,-5.329228303855039,1.0752596484557284,-7.525964845572835,decimal
NS_ELASTICNET,NS,direct_change,44,0.25,54,0.002995796045273407,0.004392546311061098,-0.0013772380620873115,0.9186500279772217,8.134997202277823,0.9329468653100574,6.7053134689942535,decimal
NS_ELASTICNET,NS,direct_change,44,0.5,54,0.0037409955533826526,0.005341315401563828,-0.0020243174369351615,1.1264793622800071,-12.647936228000706,1.1368247601725563,-13.682476017255638,decimal
NS_ELASTICNET,NS,direct_change,44,1.0,54,0.003906515499454933,0.0052215770466234315,-0.0017746250623885513,1.073779294625625,-7.377929462562497,1.0584638081814672,-5.846380818146718,decimal
NS_ELASTICNET,NS,direct_change,44,2.0,54,0.004087623570413214,0.005300863684559312,-0.0015312409302910193,0.9985415781693092,0.14584218306907468,1.007447160211381,-0.7447160211381058,decimal
NS_ELASTICNET,NS,direct_change,44,3.0,54,0.00405021008998671,0.0052109021163596935,-0.0013189002397532119,1.0015137212671803,-0.15137212671802572,1.0041843198314158,-0.418431983141578,decimal
NS_ELASTICNET,NS,direct_change,44,5.0,54,0.0038416960261663156,0.004852120008424149,-0.001080285275507224,0.9955137098450351,0.44862901549649276,0.9968841201969296,0.3115879803070361,decimal
NS_ELASTICNET,NS,direct_change,44,7.0,54,0.0037556449049158756,0.004774598447285927,-0.0015229129606150295,1.0314636217100848,-3.1463621710084824,1.0247843601084248,-2.4784360108424877,decimal
NS_ELASTICNET,NS,direct_change,44,10.0,54,0.003617841793580819,0.004599594611037734,-0.0017116786734741513,1.0545309665641653,-5.453096656416524,1.0391673236881078,-3.916732368810773,decimal
NS_ELASTICNET,NS,direct_change,66,0.25,53,0.0044723226106933535,0.006539434797074545,-0.002136503919071238,0.9553638435882261,4.46361564117739,0.9596481715252946,4.035182847470545,decimal
NS_ELASTICNET,NS,direct_change,66,0.5,53,0.005142526116161702,0.00732510594923654,-0.0026861992406517128,1.1022612350307006,-10.226123503070054,1.1088441178054118,-10.884411780541173,decimal
NS_ELASTICNET,NS,direct_change,66,1.0,53,0.00508786394483118,0.007047749516898092,-0.0023365914305144746,1.0637067949643297,-6.370679496432976,1.0468043054194587,-4.680430541945861,decimal
NS_ELASTICNET,NS,direct_change,66,2.0,53,0.005173580969591151,0.006804038147481142,-0.0019146045286407135,1.0086642642219827,-0.866426422198281,1.008087468339452,-0.8087468339452141,decimal
NS_ELASTICNET,NS,direct_change,66,3.0,53,0.00509981844312063,0.006628399922610475,-0.0016519900514317491,1.0061350689703974,-0.6135068970397358,1.0062932892233563,-0.6293289223356221,decimal
NS_ELASTICNET,NS,direct_change,66,5.0,53,0.004882026489907686,0.006176371846186663,-0.0014878142344634548,1.007308262372324,-0.7308262372323934,1.0127099959495394,-1.2709995949539448,decimal
NS_ELASTICNET,NS,direct_change,66,7.0,53,0.004744910873388235,0.00601023845552685,-0.001962324916717554,1.035635378464557,-3.5635378464557146,1.0361774878021281,-3.61774878021281,decimal
NS_ELASTICNET,NS,direct_change,66,10.0,53,0.004486176953867894,0.005743857987158628,-0.0022122164752367284,1.0554360304832826,-5.543603048328258,1.0423821944541796,-4.238219445417961,decimal
NS_ELASTICNET,NS,direct_change,132,0.25,50,0.008731135966129028,0.01304597760770416,-0.0044254054701272205,1.0032435261021677,-0.32435261021677114,0.990373861856741,0.9626138143258931,decimal
NS_ELASTICNET,NS,direct_change,132,0.5,50,0.008666290014029054,0.013113708567778997,-0.004639588410105071,1.0702689909193563,-7.026899091935625,1.0532681106014892,-5.326811060148919,decimal
NS_ELASTICNET,NS,direct_change,132,1.0,50,0.007762876794495761,0.01161345304447714,-0.004033120285778777,1.061960805312306,-6.196080531230585,1.0403212000128332,-4.032120001283317,decimal
NS_ELASTICNET,NS,direct_change,132,2.0,50,0.00638993064648494,0.009156232206064154,-0.0033143418453169373,1.0427725950428155,-4.277259504281539,1.009148870259782,-0.9148870259782008,decimal
NS_ELASTICNET,NS,direct_change,132,3.0,50,0.005872603282449016,0.008110989948879967,-0.0029328087617088573,1.0316553978782186,-3.1655397878218525,1.0111231546916348,-1.112315469163489,decimal
NS_ELASTICNET,NS,direct_change,132,5.0,50,0.005170239332305644,0.007037530521100656,-0.0029558921475850417,1.0308548350762192,-3.085483507621916,1.0217864293094157,-2.1786429309415762,decimal
NS_ELASTICNET,NS,direct_change,132,7.0,50,0.005188128488253551,0.006929649768443177,-0.0035395254596747787,1.0846873548989697,-8.46873548989698,1.091777880524737,-9.177788052473685,decimal
NS_ELASTICNET,NS,direct_change,132,10.0,50,0.005065374418735355,0.006760693133470569,-0.0038992777900251022,1.121872276653065,-12.187227665306505,1.1261392660594387,-12.61392660594387,decimal
NS_ELASTICNET,NS,direct_change,252,0.25,44,0.014935131943839353,0.020894778095991887,-0.006303206988443479,1.0382538487412791,-3.825384874127908,1.0189886889888842,-1.8988688988884095,decimal
NS_ELASTICNET,NS,direct_change,252,0.5,44,0.013787841406799305,0.019683576320608055,-0.005886869274197387,1.0813742192170992,-8.137421921709912,1.0547027501724087,-5.470275017240874,decimal
NS_ELASTICNET,NS,direct_change,252,1.0,44,0.011780621828256345,0.017079290222445424,-0.004784066697697686,1.0745063715944385,-7.450637159443856,1.0531234466543666,-5.3123446654366635,decimal
NS_ELASTICNET,NS,direct_change,252,2.0,44,0.009144738284573748,0.013192838047631082,-0.003931803838195188,1.0678077285735323,-6.78077285735323,1.036497899333449,-3.6497899333449078,decimal
NS_ELASTICNET,NS,direct_change,252,3.0,44,0.007924438621196734,0.011155949784845473,-0.003704447987132099,1.071436447421549,-7.143644742154906,1.0502268052188442,-5.0226805218844115,decimal
NS_ELASTICNET,NS,direct_change,252,5.0,44,0.006804439959752154,0.009449796187305641,-0.004059383843141321,1.084186454577013,-8.418645457701297,1.0609332325623486,-6.093323256234866,decimal
NS_ELASTICNET,NS,direct_change,252,7.0,44,0.006643500089117846,0.009197426328016435,-0.0050516119557608465,1.1375632815763301,-13.756328157633014,1.122557618744951,-12.255761874495112,decimal
NS_ELASTICNET,NS,direct_change,252,10.0,44,0.006660573217644101,0.009020359109311602,-0.005892847597918802,1.1756012630499393,-17.560126304993926,1.2090149404964543,-20.90149404964542,decimal
NS_RIDGE,NS,direct_change,5,0.25,56,0.0005566800039320762,0.0007076290209007603,7.112529799281638e-06,0.775639821408553,22.436017859144698,0.8448260222275409,15.517397777245913,decimal
NS_RIDGE,NS,direct_change,5,0.5,56,0.0009947012826500175,0.001287600934183336,-0.0006871483909783264,1.5720078089809768,-57.20078089809768,1.5869878013789456,-58.69878013789456,decimal
NS_RIDGE,NS,direct_change,5,1.0,56,0.0010385980745821987,0.00137403436292342,-0.0005096738601056243,1.124844248075266,-12.484424807526613,1.0891665201611065,-8.916652016110652,decimal
NS_RIDGE,NS,direct_change,5,2.0,56,0.0012789416018268,0.0015415448603596559,-0.0003007862750605974,1.013088003037159,-1.308800303715897,1.0002895209818545,-0.028952098185455043,decimal
NS_RIDGE,NS,direct_change,5,3.0,56,0.001265999414522618,0.001587406538007597,-5.7757660502153015e-05,1.0169401829171199,-1.694018291711975,0.9619534221610125,3.804657783898745,decimal
NS_RIDGE,NS,direct_change,5,5.0,56,0.001279993105708113,0.0015621515698533088,7.942876009253842e-05,0.9895830836724685,1.0416916327531445,0.9419134549231842,5.808654507681574,decimal
NS_RIDGE,NS,direct_change,5,7.0,56,0.0013673664772449665,0.0015852168478873573,-0.00036304066221875826,0.9958444222118955,0.41555777881044775,0.9970380563244557,0.29619436755443046,decimal
NS_RIDGE,NS,direct_change,5,10.0,56,0.001413717148738329,0.0016574174773590614,-0.0005381767326298462,1.0785197125441328,-7.851971254413284,1.0830117692113057,-8.301176921130562,decimal
NS_RIDGE,NS,direct_change,10,0.25,55,0.0009781332961958135,0.0013588798949828605,-0.0004824840899488935,0.6969239693845378,30.307603061546214,0.8200812696763676,17.991873032363234,decimal
NS_RIDGE,NS,direct_change,10,0.5,55,0.0014555771415194654,0.0021155643944449597,-0.0010834556767873118,1.1321997454243333,-13.21997454243334,1.2038607937379038,-20.38607937379038,decimal
NS_RIDGE,NS,direct_change,10,1.0,55,0.0017340051616470025,0.0025685086834125086,-0.0008983086338396989,1.0438865659057635,-4.388656590576346,1.0388919813789228,-3.8891981378922758,decimal
NS_RIDGE,NS,direct_change,10,2.0,55,0.0020633749492150223,0.0026483141910365548,-0.0006092836194290976,0.9937037714762241,0.6296228523775833,1.0087610862828997,-0.8761086282899722,decimal
NS_RIDGE,NS,direct_change,10,3.0,55,0.0021505005354616018,0.002706885819644803,-0.0003487011997809012,1.000071591511726,-0.007159151172600355,1.0074746971924027,-0.747469719240269,decimal
NS_RIDGE,NS,direct_change,10,5.0,55,0.0020488086733291026,0.0025619971079606347,-0.00016225676763780808,0.9796301183158829,2.0369881684117175,0.9647643581601083,3.5235641839891727,decimal
NS_RIDGE,NS,direct_change,10,7.0,55,0.0020519183423251776,0.0025152572171858074,-0.0005568978259862664,0.9970366310966268,0.296336890337321,0.999605924073382,0.03940759266180077,decimal
NS_RIDGE,NS,direct_change,10,10.0,55,0.0020646649054674314,0.0024924836935794475,-0.000683703607512458,1.0495080488885695,-4.950804888856948,1.0563401841926394,-5.634018419263937,decimal
NS_RIDGE,NS,direct_change,22,0.25,55,0.0014676938123872904,0.0019467162570616127,-0.0010190262810280976,0.7321568294618302,26.78431705381697,0.8382467256625228,16.175327433747725,decimal
NS_RIDGE,NS,direct_change,22,0.5,55,0.0020674876357994025,0.002779778288025358,-0.0016818459783115413,1.0758946227329984,-7.589462273299832,1.1615099077524735,-16.150990775247354,decimal
NS_RIDGE,NS,direct_change,22,1.0,55,0.0021705914537779136,0.0028995901836949877,-0.001424242602785054,1.0268181909356446,-2.6818190935644552,0.9948544163148768,0.5145583685123165,decimal
NS_RIDGE,NS,direct_change,22,2.0,55,0.002603079665772207,0.0033028442903820774,-0.0009573249447195209,0.9945881972404242,0.5411802759575779,1.0089456068884517,-0.8945606888451634,decimal
NS_RIDGE,NS,direct_change,22,3.0,55,0.0026679808934843285,0.0034344378258474454,-0.0006074522818912876,1.0108603924938324,-1.086039249383242,1.0064399803953221,-0.6439980395322175,decimal
NS_RIDGE,NS,direct_change,22,5.0,55,0.0025864643207598004,0.003320505670238646,-0.000204267346411037,1.001807846370373,-0.18078463703729772,0.9844673885244917,1.5532611475508336,decimal
NS_RIDGE,NS,direct_change,22,7.0,55,0.0025669819734403933,0.0032553339990181777,-0.0005724343152537524,1.0191211306342192,-1.9121130634219057,1.0055841064047126,-0.5584106404712726,decimal
NS_RIDGE,NS,direct_change,22,10.0,55,0.002540132229797095,0.003179022733416275,-0.0007090810183948814,1.0491715120066825,-4.917151200668242,1.0664677300674832,-6.646773006748315,decimal
NS_RIDGE,NS,direct_change,44,0.25,54,0.002864596605518218,0.003769450029125257,-0.002664347161934103,0.7883366797965881,21.166332020341194,0.8920889082928706,10.791109170712945,decimal
NS_RIDGE,NS,direct_change,44,0.5,54,0.0036440945311906636,0.004900283246267662,-0.003245568246800936,1.0334660156243225,-3.34660156243226,1.1073781918080803,-10.737819180808023,decimal
NS_RIDGE,NS,direct_change,44,1.0,54,0.0038181160560069112,0.005135827661380229,-0.002777545512121889,1.0561455580018269,-5.614555800182694,1.0345121275683553,-3.4512127568355333,decimal
NS_RIDGE,NS,direct_change,44,2.0,54,0.0042019283281887,0.005386268781576704,-0.002041603523524395,1.0146296244640782,-1.4629624464078121,1.0356190311373337,-3.5619031137333685,decimal
NS_RIDGE,NS,direct_change,44,3.0,54,0.004156573988661884,0.005265559257159401,-0.0014368422874798193,1.0120185964795323,-1.2018596479532202,1.0305555343789796,-3.055553437897962,decimal
NS_RIDGE,NS,direct_change,44,5.0,54,0.0038382477851292124,0.004870580024707126,-0.0007253553525253719,0.9993011675463616,0.06988324536384338,0.9959893339595266,0.401066604047338,decimal
NS_RIDGE,NS,direct_change,44,7.0,54,0.003695187945905973,0.004696777059385689,-0.0009274639822275604,1.0146517512467763,-1.465175124677642,1.008287766947562,-0.8287766947562089,decimal
NS_RIDGE,NS,direct_change,44,10.0,54,0.003517796787367548,0.0044686361458280924,-0.0009329299859517716,1.0245066342967342,-2.4506634296734107,1.010430992116211,-1.0430992116210798,decimal
NS_RIDGE,NS,direct_change,66,0.25,53,0.0043965533633192775,0.005579026912223046,-0.004274715336046638,0.8150552394417894,18.494476055821064,0.9433899929389544,5.661000706104563,decimal
NS_RIDGE,NS,direct_change,66,0.5,53,0.005170663726485446,0.006617281254448032,-0.004691385730245602,0.9957497759924696,0.4250224007530407,1.1149112184854704,-11.491121848547042,decimal
NS_RIDGE,NS,direct_change,66,1.0,53,0.005170264801833297,0.0068957385464115326,-0.003963673418725895,1.040763995730619,-4.076399573061893,1.0637578978927202,-6.3757897892720194,decimal
NS_RIDGE,NS,direct_change,66,2.0,53,0.0054991125527222295,0.007019132512147405,-0.0027446544335996866,1.04055091658514,-4.055091658514,1.0715182547583755,-7.151825475837553,decimal
NS_RIDGE,NS,direct_change,66,3.0,53,0.005352027234138761,0.006829904197910051,-0.0018645083978778047,1.0367217143589458,-3.6721714358945783,1.0560589851427937,-5.605898514279377,decimal
NS_RIDGE,NS,direct_change,66,5.0,53,0.0049390396106872335,0.006342744783578576,-0.0009680515449091862,1.034442126498963,-3.444212649896291,1.0245365924321854,-2.4536592432185347,decimal
NS_RIDGE,NS,direct_change,66,7.0,53,0.004713694252370992,0.006056685898000115,-0.001075320590921144,1.04363882375553,-4.3638823755530085,1.0293605083463644,-2.936050834636438,decimal
NS_RIDGE,NS,direct_change,66,10.0,53,0.0043767455359409275,0.005693558706170638,-0.0010483013768865044,1.0461935189899947,-4.619351898999462,1.016955341538225,-1.6955341538225084,decimal
NS_RIDGE,NS,direct_change,132,0.25,50,0.010031270314332437,0.011499740695567572,-0.009993944584834448,0.8843369773890101,11.566302261098992,1.1378482661447864,-13.784826614478652,decimal
NS_RIDGE,NS,direct_change,132,0.5,50,0.01017913175628951,0.012094249004575498,-0.010066857633109905,0.9870662910611505,1.293370893884953,1.2371331740750495,-23.713317407504963,decimal
NS_RIDGE,NS,direct_change,132,1.0,50,0.009010957499390397,0.011374164735704805,-0.008841000588649756,1.0400797330668263,-4.007973306682635,1.2075794022233177,-20.757940222331776,decimal
NS_RIDGE,NS,direct_change,132,2.0,50,0.007045474327539802,0.009536024609694138,-0.0065757604659428615,1.0860258788606387,-8.602587886063864,1.11267756278266,-11.267756278265985,decimal
NS_RIDGE,NS,direct_change,132,3.0,50,0.006074400317795422,0.00842366175111421,-0.00489923348330482,1.0714248408897724,-7.142484088977235,1.0458678233118839,-4.586782331188378,decimal
NS_RIDGE,NS,direct_change,132,5.0,50,0.005201256837173234,0.007205687423041538,-0.0032913976046562102,1.0554863950953841,-5.548639509538413,1.0279163709828525,-2.791637098285251,decimal
NS_RIDGE,NS,direct_change,132,7.0,50,0.0049375695752896555,0.006875983995303192,-0.003002360658525779,1.0762871344750022,-7.6287134475002265,1.0390508365508533,-3.9050836550853205,decimal
NS_RIDGE,NS,direct_change,132,10.0,50,0.004596456568449341,0.006431366032395897,-0.0026673751553048545,1.0672235982776077,-6.722359827760766,1.0218889658624593,-2.188896586245924,decimal
NS_RIDGE,NS,direct_change,252,0.25,44,0.018372791462497443,0.020349137901980462,-0.018372791462497443,1.0111411879196277,-1.1141187919627626,1.2535320582259066,-25.353205822590674,decimal
NS_RIDGE,NS,direct_change,252,0.5,44,0.017573295842384182,0.019937894551959788,-0.017573295842384182,1.095345927121253,-9.534592712125288,1.3442715873868292,-34.42715873868292,decimal
NS_RIDGE,NS,direct_change,252,1.0,44,0.015087933197975821,0.01797262016231921,-0.015087933197975821,1.130708280445954,-13.07082804459541,1.3487790749917437,-34.87790749917436,decimal
NS_RIDGE,NS,direct_change,252,2.0,44,0.01112196466288825,0.014270099060364534,-0.011007886570710173,1.1549995542394498,-15.49995542394497,1.2606039288178337,-26.06039288178336,decimal
NS_RIDGE,NS,direct_change,252,3.0,44,0.008710425231670961,0.01164341769301956,-0.008161759650265553,1.1182536968569625,-11.825369685696247,1.1543937054021753,-15.439370540217544,decimal
NS_RIDGE,NS,direct_change,252,5.0,44,0.006643721337035766,0.009084305224589608,-0.005294795017140455,1.0422532379030545,-4.2253237903054375,1.0358743402890633,-3.58743402890634,decimal
NS_RIDGE,NS,direct_change,252,7.0,44,0.005968329455800759,0.00832252304057723,-0.004594197091669055,1.0293528084258585,-2.9352808425858616,1.0084734871552743,-0.8473487155274302,decimal
NS_RIDGE,NS,direct_change,252,10.0,44,0.0052502278831428805,0.007533520145447468,-0.004097296939068468,0.9818251902031084,1.8174809796891602,0.9530116619566287,4.698833804337132,decimal
PCA_RIDGE,PCA,direct_change,5,0.25,56,0.0007380816079703157,0.000917369810519553,-0.00045042985661267865,1.005538968838834,-0.5538968838834016,1.1201238494942458,-12.01238494942458,decimal
PCA_RIDGE,PCA,direct_change,5,0.5,56,0.0008169562117592175,0.001123764731374275,-0.00028549093930729054,1.3719832645960446,-37.198326459604445,1.303405921895048,-30.340592189504804,decimal
PCA_RIDGE,PCA,direct_change,5,1.0,56,0.0010544496549220845,0.0013804158452924609,-0.0002854679710378409,1.1300684068959648,-13.006840689596476,1.105789900292822,-10.5789900292822,decimal
PCA_RIDGE,PCA,direct_change,5,2.0,56,0.0012368403475303143,0.0014844849540705566,-0.0003331029892553248,0.9755887981794916,2.441120182050841,0.9673611656661675,3.2638834333832567,decimal
PCA_RIDGE,PCA,direct_change,5,3.0,56,0.0012951734949320892,0.0015751084436907703,-0.0003289945308354924,1.0090616552780798,-0.9061655278079701,0.9841209730827275,1.5879026917272507,decimal
PCA_RIDGE,PCA,direct_change,5,5.0,56,0.0013638928426022226,0.0016185964007204667,-0.00038594272093128804,1.0253394410354986,-2.533944103549848,1.0036530773419772,-0.3653077341977173,decimal
PCA_RIDGE,PCA,direct_change,5,7.0,56,0.0013636128259061806,0.0015787719852651096,-0.00019973253991522545,0.991795713984475,0.8204286015525085,0.9943010188899243,0.5698981110075664,decimal
PCA_RIDGE,PCA,direct_change,5,10.0,56,0.0013555070742413255,0.0015808106256772112,-0.0002747021277634171,1.0286698703749344,-2.8669870374934514,1.0384185520863782,-3.841855208637813,decimal
PCA_RIDGE,PCA,direct_change,10,0.25,55,0.0012658826723450003,0.0016107701406520396,-0.0009628561288635997,0.8261100369017299,17.388996309827007,1.061334557606326,-6.133455760632598,decimal
PCA_RIDGE,PCA,direct_change,10,0.5,55,0.0012709538891999969,0.001955733615080396,-0.0006982690224071137,1.0466621138671486,-4.666211386714869,1.0511648707669148,-5.116487076691476,decimal
PCA_RIDGE,PCA,direct_change,10,1.0,55,0.0016876336599607447,0.002508070546359793,-0.0006855056162233161,1.01932345668011,-1.9323456680109934,1.0111094912618839,-1.1109491261883795,decimal
PCA_RIDGE,PCA,direct_change,10,2.0,55,0.0020293182481937134,0.0026081279393759408,-0.0006601209849442307,0.9786250357386738,2.137496426132625,0.992111143561371,0.7888856438629074,decimal
PCA_RIDGE,PCA,direct_change,10,3.0,55,0.0022394886833357022,0.0027765431702090706,-0.0006438044613682817,1.0258068245731775,-2.5806824573177556,1.0491642042884464,-4.916420428844634,decimal
PCA_RIDGE,PCA,direct_change,10,5.0,55,0.0022239849038289995,0.002700869184708865,-0.0006586884007892865,1.0327305954994548,-3.2730595499454784,1.0472531653304364,-4.725316533043645,decimal
PCA_RIDGE,PCA,direct_change,10,7.0,55,0.0020606120403207553,0.002538027537832346,-0.0004258213268080488,1.0060626836336375,-0.6062683633637594,1.0038411179596245,-0.38411179596244643,decimal
PCA_RIDGE,PCA,direct_change,10,10.0,55,0.0019417247279926888,0.002403869115950968,-0.00045154270301338295,1.0121951819239752,-1.2195181923975256,0.9934405585078874,0.6559441492112646,decimal
PCA_RIDGE,PCA,direct_change,22,0.25,55,0.0018384554253870356,0.002394616264824419,-0.0016271983868904301,0.900611296521416,9.938870347858401,1.0500005025574966,-5.000050255749656,decimal
PCA_RIDGE,PCA,direct_change,22,0.5,55,0.0019184940803391992,0.0026521484571810916,-0.0014034513114201458,1.0264963490299497,-2.649634902994975,1.07780566311191,-7.780566311190988,decimal
PCA_RIDGE,PCA,direct_change,22,1.0,55,0.002169312923891116,0.0028523499745681164,-0.001294513573212242,1.0100892385658093,-1.0089238565809249,0.9942684234500946,0.5731576549905395,decimal
PCA_RIDGE,PCA,direct_change,22,2.0,55,0.0025575880301917046,0.0032627359847140084,-0.0010720875332858144,0.9825103504146031,1.748964958539693,0.9913131899967841,0.8686810003215885,decimal
PCA_RIDGE,PCA,direct_change,22,3.0,55,0.002661675498900197,0.003444978280229097,-0.0009753351747128782,1.0139627715129287,-1.3962771512928651,1.0040614021914316,-0.4061402191431611,decimal
PCA_RIDGE,PCA,direct_change,22,5.0,55,0.0026243068570218236,0.0033404106130331046,-0.0007794134809319715,1.0078132352639293,-0.7813235263929346,0.9988711220498292,0.1128877950170767,decimal
PCA_RIDGE,PCA,direct_change,22,7.0,55,0.002545115390700513,0.0031640171088999493,-0.000526016352511653,0.9905332891619284,0.9466710838071606,0.9970181373826799,0.2981862617320189,decimal
PCA_RIDGE,PCA,direct_change,22,10.0,55,0.0024347968521527736,0.0030160903583956525,-0.0005649606944988928,0.9953990100178324,0.4600989982167643,1.022242953193913,-2.224295319391307,decimal
PCA_RIDGE,PCA,direct_change,44,0.25,54,0.0034148888562268785,0.00431779589893135,-0.0032960085754350043,0.9030168477370085,9.698315226299147,1.0634601974408961,-6.346019744089624,decimal
PCA_RIDGE,PCA,direct_change,44,0.5,54,0.003480578553273115,0.004700439198669079,-0.0029504883906240034,0.9913190577366839,0.8680942263316073,1.0576884742641994,-5.768847426419941,decimal
PCA_RIDGE,PCA,direct_change,44,1.0,54,0.0037516503071098697,0.004922108143859868,-0.002591511274509529,1.012195695590213,-1.2195695590212836,1.0165033446258553,-1.650334462585537,decimal
PCA_RIDGE,PCA,direct_change,44,2.0,54,0.0041342795731523375,0.005294031400013594,-0.002099356486817042,0.9972545576762798,0.2745442323720235,1.0189461293940039,-1.8946129394003826,decimal
PCA_RIDGE,PCA,direct_change,44,3.0,54,0.004177535344841359,0.00529726037342031,-0.001793004376124682,1.0181114192203604,-1.8111419220360505,1.0357525648367005,-3.5752564836700618,decimal
PCA_RIDGE,PCA,direct_change,44,5.0,54,0.003895137133787955,0.0049313351469876645,-0.0013239818169391415,1.0117663491718323,-1.176634917183223,1.0107515868551158,-1.0751586855115756,decimal
PCA_RIDGE,PCA,direct_change,44,7.0,54,0.0036304958540812745,0.004604873160135735,-0.0009295209512388684,0.9947976148589255,0.520238514107455,0.990635553918084,0.9364446081915979,decimal
PCA_RIDGE,PCA,direct_change,44,10.0,54,0.0033262229559067433,0.004277263789148482,-0.0008519632968154638,0.9806314467359153,1.9368553264084722,0.9554044660583201,4.459553394167993,decimal
PCA_RIDGE,PCA,direct_change,66,0.25,53,0.0049979450988767065,0.006083891605073827,-0.004882807841291813,0.8888122977229859,11.118770227701418,1.072433563726581,-7.243356372658084,decimal
PCA_RIDGE,PCA,direct_change,66,0.5,53,0.004964176056107673,0.006273901872627733,-0.004360998560391444,0.9440790173560338,5.592098264396619,1.0703878396001085,-7.038783960010841,decimal
PCA_RIDGE,PCA,direct_change,66,1.0,53,0.005007471844956171,0.006493141899190303,-0.0037423338497479326,0.9800006572702644,1.9999342729735625,1.0302640053675352,-3.0264005367535223,decimal
PCA_RIDGE,PCA,direct_change,66,2.0,53,0.005295565836069271,0.006765401195703013,-0.002797107862855453,1.0029365314120935,-0.29365314120933855,1.0318565783517328,-3.18565783517328,decimal
PCA_RIDGE,PCA,direct_change,66,3.0,53,0.005272487588229301,0.006735221900737945,-0.0022650849526568433,1.0223497421321983,-2.2349742132198367,1.0403642672232056,-4.036426722320569,decimal
PCA_RIDGE,PCA,direct_change,66,5.0,53,0.004931271916015431,0.006331899859525344,-0.001646677808766096,1.0326734212014725,-3.2673421201472537,1.0229252898192478,-2.2925289819247863,decimal
PCA_RIDGE,PCA,direct_change,66,7.0,53,0.004614578702962856,0.005932387093458111,-0.0011747537466365201,1.0222206653185424,-2.2220665318542334,1.007715991994361,-0.771599199436094,decimal
PCA_RIDGE,PCA,direct_change,66,10.0,53,0.0042604849251225195,0.005483605706229628,-0.0010708490260069785,1.0076145775640046,-0.7614577564004735,0.9899416967623565,1.0058303237643493,decimal
PCA_RIDGE,PCA,direct_change,132,0.25,50,0.01068253265155075,0.012083210612601397,-0.010618062889974491,0.9292061650069525,7.079383499304744,1.2117210357929618,-21.172103579296184,decimal
PCA_RIDGE,PCA,direct_change,132,0.5,50,0.00990862355295275,0.011635512723811295,-0.009644397570889817,0.9496267510733593,5.037324892664075,1.2042566301595465,-20.425663015954648,decimal
PCA_RIDGE,PCA,direct_change,132,1.0,50,0.00872944801509393,0.010781541231080901,-0.008408595822937813,0.9858888794243181,1.4111120575681857,1.1698536605593581,-16.985366055935813,decimal
PCA_RIDGE,PCA,direct_change,132,2.0,50,0.007041086375764956,0.009179978665450065,-0.006431773887468664,1.0454769997061797,-4.547699970617958,1.111984582401288,-11.198458240128804,decimal
PCA_RIDGE,PCA,direct_change,132,3.0,50,0.006299718917410866,0.008382587752528613,-0.005216461276704804,1.0662005448888723,-6.620054488887238,1.084662348039061,-8.466234803906085,decimal
PCA_RIDGE,PCA,direct_change,132,5.0,50,0.005399938593342463,0.0074020622572333146,-0.003926185326389754,1.0842513072626458,-8.425130726264578,1.0671815401862574,-6.718154018625742,decimal
PCA_RIDGE,PCA,direct_change,132,7.0,50,0.004916134442134903,0.006834317291848527,-0.003069492800805102,1.069765109860798,-6.976510986079809,1.0345400762068397,-3.45400762068397,decimal
PCA_RIDGE,PCA,direct_change,132,10.0,50,0.004544143290869763,0.0063464581791891446,-0.00262028662296511,1.05313395322166,-5.313395322165993,1.0102586240261813,-1.0258624026181282,decimal
PCA_RIDGE,PCA,direct_change,252,0.25,44,0.01855899278600398,0.02009929698064604,-0.01855899278600398,0.9987266843074408,0.12733156925591274,1.266236133639595,-26.623613363959517,decimal
PCA_RIDGE,PCA,direct_change,252,0.5,44,0.016603313901686758,0.018414958254434777,-0.016603313901686758,1.0116790150302182,-1.1679015030218094,1.270072690671449,-27.0072690671449,decimal
PCA_RIDGE,PCA,direct_change,252,1.0,44,0.014048024916194673,0.01624823116881267,-0.014048024916194673,1.0222221000193765,-2.2222100019376567,1.2558169368398329,-25.58169368398328,decimal
PCA_RIDGE,PCA,direct_change,252,2.0,44,0.010570597372696387,0.013154783772706487,-0.01039916174366284,1.0647276749320764,-6.472767493207642,1.1981099546590446,-19.810995465904448,decimal
PCA_RIDGE,PCA,direct_change,252,3.0,44,0.008698982726466816,0.01127980255289508,-0.008274861705784859,1.0833314785360364,-8.33314785360365,1.1528772288088551,-15.287722880885507,decimal
PCA_RIDGE,PCA,direct_change,252,5.0,44,0.006945863742993769,0.009280179231057964,-0.005827296612503887,1.0647260976777446,-6.472609767774455,1.0829837161294324,-8.298371612943246,decimal
PCA_RIDGE,PCA,direct_change,252,7.0,44,0.006104620136328861,0.008242640692355002,-0.004559994535973407,1.0194727373121717,-1.94727373121716,1.0315026344027263,-3.1502634402726337,decimal
PCA_RIDGE,PCA,direct_change,252,10.0,44,0.005345858806107196,0.007309787986240955,-0.0038646205151808013,0.9526667270243472,4.733327297565287,0.9703704103494912,2.962958965050878,decimal
PCA_RIDGE_VAR,PCA,recursive,5,0.25,56,0.0007559304634820029,0.0009260279465993211,-0.00041106879804188773,1.0150292454163743,-1.5029245416374397,1.1472115434957224,-14.721154349572231,decimal
PCA_RIDGE_VAR,PCA,recursive,5,0.5,56,0.0007861197366868138,0.001090036099686829,-0.000248357978876839,1.3308046113415428,-33.08046113415428,1.2542081269077374,-25.42081269077374,decimal
PCA_RIDGE_VAR,PCA,recursive,5,1.0,56,0.0010301260617330197,0.0013606901072692316,-0.00025617630202335505,1.1139200604257493,-11.39200604257494,1.0802820123042896,-8.028201230428959,decimal
PCA_RIDGE_VAR,PCA,recursive,5,2.0,56,0.0012372391098060106,0.0014764338327883418,-0.0003196879116416802,0.970297681072393,2.9702318927607028,0.9676730467756506,3.232695322434941,decimal
PCA_RIDGE_VAR,PCA,recursive,5,3.0,56,0.0012968913908981967,0.001564703284116849,-0.00032611818294889987,1.0023957983428635,-0.2395798342863548,0.9854262943052787,1.4573705694721315,decimal
PCA_RIDGE_VAR,PCA,recursive,5,5.0,56,0.0013404785829371976,0.001595795854334039,-0.00039815056171181796,1.0108958777872683,-1.0895877787268289,0.9864231359327603,1.3576864067239627,decimal
PCA_RIDGE_VAR,PCA,recursive,5,7.0,56,0.0013442658113319527,0.0015531804790574145,-0.0002189835200482903,0.975718948999988,2.4281051000012024,0.9801938207628831,1.98061792371169,decimal
PCA_RIDGE_VAR,PCA,recursive,5,10.0,56,0.0013300044527498973,0.0015586153460569096,-0.00029954075066030296,1.014226890906619,-1.4226890906618963,1.0188816601093607,-1.8881660109360667,decimal
PCA_RIDGE_VAR,PCA,recursive,10,0.25,55,0.0012486764961074472,0.001539598644664373,-0.000932340747981587,0.7896085611834613,21.03914388165387,1.0469086476510605,-4.690864765106047,decimal
PCA_RIDGE_VAR,PCA,recursive,10,0.5,55,0.0012188508245051571,0.001875677094332028,-0.0006665197360564979,1.0038177680987748,-0.38177680987747775,1.008072110492987,-0.8072110492987167,decimal
PCA_RIDGE_VAR,PCA,recursive,10,1.0,55,0.001646163468318662,0.0024394314597359855,-0.0006574565954123797,0.9914273390281193,0.8572660971880648,0.9862635158771937,1.3736484122806254,decimal
PCA_RIDGE_VAR,PCA,recursive,10,2.0,55,0.002000196661661117,0.0025500296662315006,-0.0006433679621802505,0.9568253288401167,4.317467115988325,0.9778739234787682,2.2126076521231743,decimal
PCA_RIDGE_VAR,PCA,recursive,10,3.0,55,0.0022011705650956497,0.0027231964604752224,-0.0006360526518381601,1.0060976338425378,-0.6097633842537761,1.031212786032885,-3.121278603288508,decimal
PCA_RIDGE_VAR,PCA,recursive,10,5.0,55,0.0021791357961153217,0.0026445159566597987,-0.0006660797124070513,1.0111828274361518,-1.1182827436151908,1.0261341505680026,-2.6134150568002537,decimal
PCA_RIDGE_VAR,PCA,recursive,10,7.0,55,0.0020293046017067396,0.0024771146718090046,-0.0004412165894683388,0.9819170979196236,1.8082902080376486,0.9885894871024866,1.1410512897513403,decimal
PCA_RIDGE_VAR,PCA,recursive,10,10.0,55,0.0018975760183910393,0.0023417936153147926,-0.0004739422981689359,0.9860571021747379,1.3942897825262177,0.9708528466186713,2.914715338132867,decimal
PCA_RIDGE_VAR,PCA,recursive,22,0.25,55,0.0018051874702024098,0.002242131711352219,-0.0014750183494756299,0.843262103074692,15.673789692530798,1.0310001127843458,-3.100011278434577,decimal
PCA_RIDGE_VAR,PCA,recursive,22,0.5,55,0.001811026613393401,0.0024677836471452964,-0.0012653151129803596,0.9551391805128852,4.486081948711483,1.0174306816816863,-1.7430681681686162,decimal
PCA_RIDGE_VAR,PCA,recursive,22,1.0,55,0.0020848745308310645,0.0026893320617328146,-0.0011884835394721273,0.9523604742428655,4.763952575713453,0.955567493297571,4.443250670242902,decimal
PCA_RIDGE_VAR,PCA,recursive,22,2.0,55,0.002528550863906879,0.0031948796905771426,-0.0010186778980357072,0.9620767291707769,3.792327082922312,0.9800584743825106,1.994152561748942,decimal
PCA_RIDGE_VAR,PCA,recursive,22,3.0,55,0.0026680874145822097,0.003413390767455771,-0.0009513903104841643,1.0046655976582617,-0.46655976582616476,1.0064801632511757,-0.6480163251175829,decimal
PCA_RIDGE_VAR,PCA,recursive,22,5.0,55,0.002578013823051778,0.003317676724140324,-0.0007891192227771419,1.0009543437175514,-0.09543437175514005,0.9812509361096734,1.8749063890326585,decimal
PCA_RIDGE_VAR,PCA,recursive,22,7.0,55,0.0024889137645304565,0.0031363022434427743,-0.0005478349907632838,0.9818568200104957,1.8143179989504354,0.9750018308345808,2.4998169165419224,decimal
PCA_RIDGE_VAR,PCA,recursive,22,10.0,55,0.0023522183137957104,0.002986390664258191,-0.0005937927331484382,0.9855972326738714,1.4402767326128527,0.9875725744943827,1.2427425505617287,decimal
PCA_RIDGE_VAR,PCA,recursive,44,0.25,54,0.003075594407667865,0.0037808447266340604,-0.0028816130400706537,0.7907197483959777,20.928025160402235,0.9577975664017571,4.220243359824295,decimal
PCA_RIDGE_VAR,PCA,recursive,44,0.5,54,0.0031172241570375284,0.004083913730940819,-0.0025475814179056083,0.8612943047493248,13.870569525067522,0.9472712688802845,5.272873111971551,decimal
PCA_RIDGE_VAR,PCA,recursive,44,1.0,54,0.0033945670503172346,0.004416541988415136,-0.0022487225857309675,0.9082296973998611,9.17703026001389,0.9197522364130992,8.024776358690076,decimal
PCA_RIDGE_VAR,PCA,recursive,44,2.0,54,0.004013655219638022,0.00501591028188913,-0.0018921608093109656,0.9448639442328212,5.513605576717883,0.9892167131923925,1.0783286807607517,decimal
PCA_RIDGE_VAR,PCA,recursive,44,3.0,54,0.00417846372529491,0.005140324736428808,-0.001683049139385614,0.9879490422857895,1.2050957714210528,1.0359827418086556,-3.5982741808655496,decimal
PCA_RIDGE_VAR,PCA,recursive,44,5.0,54,0.003972165712520312,0.004876075034019077,-0.0013628724001715626,1.0004285834174191,-0.04285834174190992,1.030739781240254,-3.0739781240253934,decimal
PCA_RIDGE_VAR,PCA,recursive,44,7.0,54,0.003699237185106239,0.00455124985178003,-0.0010448314943407586,0.9832132916000568,1.678670839994325,1.0093926629395498,-0.9392662939549851,decimal
PCA_RIDGE_VAR,PCA,recursive,44,10.0,54,0.0034306382301979885,0.004221157973392224,-0.0010326704558942781,0.9677682870180269,3.2231712981973146,0.9853960873972948,1.4603912602705251,decimal
PCA_RIDGE_VAR,PCA,recursive,66,0.25,53,0.0042701606663285855,0.005229416624283735,-0.004155441252405825,0.7639797201028541,23.60202798971459,0.9162692927749597,8.373070722504028,decimal
PCA_RIDGE_VAR,PCA,recursive,66,0.5,53,0.004266490627609829,0.0054070218487199855,-0.003661032447601388,0.8136333620443059,18.63666379556941,0.9199511930973187,8.004880690268136,decimal
PCA_RIDGE_VAR,PCA,recursive,66,1.0,53,0.004433772485905636,0.005764153669886279,-0.00314699722518599,0.8699755022756821,13.002449772431788,0.9122280347554297,8.777196524457027,decimal
PCA_RIDGE_VAR,PCA,recursive,66,2.0,53,0.005015054681222369,0.006332890370144124,-0.002426105076483009,0.938818987657301,6.118101234269896,0.9771981547970057,2.280184520299434,decimal
PCA_RIDGE_VAR,PCA,recursive,66,3.0,53,0.005209165409785897,0.006446520600065355,-0.002051930030948202,0.9785273254923674,2.1472674507632603,1.0278695708065995,-2.7869570806599464,decimal
PCA_RIDGE_VAR,PCA,recursive,66,5.0,53,0.004960291668214081,0.006127268192765843,-0.0016703261003594135,0.9992999175000835,0.07000824999164873,1.0289450427215119,-2.894504272151178,decimal
PCA_RIDGE_VAR,PCA,recursive,66,7.0,53,0.004577507084650739,0.00570105751405679,-0.001319907921393457,0.9823598347897587,1.764016521024126,0.9996204181561155,0.03795818438845086,decimal
PCA_RIDGE_VAR,PCA,recursive,66,10.0,53,0.004211203209398657,0.005218220843082813,-0.001319904086670749,0.9588500107630449,4.114998923695508,0.9784908816226602,2.150911837733984,decimal
PCA_RIDGE_VAR,PCA,recursive,132,0.25,50,0.008123321730308556,0.009415893247075733,-0.007727956374875261,0.7240878550197234,27.59121449802766,0.9214294158698454,7.857058413015464,decimal
PCA_RIDGE_VAR,PCA,recursive,132,0.5,50,0.00743650570035432,0.009290958804824043,-0.006747094851623379,0.7582771153802201,24.172288461977985,0.9038047764164219,9.619522358357813,decimal
PCA_RIDGE_VAR,PCA,recursive,132,1.0,50,0.0067397865066108785,0.008818758797557457,-0.0056952959133868865,0.8064075480946449,19.35924519053551,0.9032144876187187,9.678551238128135,decimal
PCA_RIDGE_VAR,PCA,recursive,132,2.0,50,0.006050693247635808,0.0077308247163523315,-0.004198946337646911,0.8804377138833098,11.95622861166902,0.9555737914775438,4.442620852245611,decimal
PCA_RIDGE_VAR,PCA,recursive,132,3.0,50,0.005575321055466514,0.007229671388464989,-0.0034008861184194996,0.919558470643347,8.044152935665304,0.9599381982552536,4.006180174474639,decimal
PCA_RIDGE_VAR,PCA,recursive,132,5.0,50,0.004917281040754661,0.006439508723145598,-0.002823702793077182,0.9432568260793743,5.674317392062564,0.9717946720859013,2.8205327914098697,decimal
PCA_RIDGE_VAR,PCA,recursive,132,7.0,50,0.004482189850996972,0.005891792843119262,-0.002382984002925958,0.9222332164200366,7.776678357996336,0.9432217699909451,5.677823000905495,decimal
PCA_RIDGE_VAR,PCA,recursive,132,10.0,50,0.004102393109731028,0.005372480435436954,-0.0023288365379135097,0.8915116746740512,10.84883253259488,0.9120482680593661,8.795173194063388,decimal
PCA_RIDGE_VAR,PCA,recursive,252,0.25,44,0.01076269385512792,0.014128295466648231,-0.010641074703069997,0.7020298122819169,29.797018771808318,0.7343131177324056,26.568688226759445,decimal
PCA_RIDGE_VAR,PCA,recursive,252,0.5,44,0.00952077352107055,0.013270282090958468,-0.008922699114926422,0.729041343969426,27.095865603057398,0.7282928284546318,27.170717154536813,decimal
PCA_RIDGE_VAR,PCA,recursive,252,1.0,44,0.008625941400044636,0.012189679734002267,-0.007134349984183445,0.7668871698583779,23.311283014162207,0.7711121934213003,22.888780657869965,decimal
PCA_RIDGE_VAR,PCA,recursive,252,2.0,44,0.0073716619671473525,0.010456379721494519,-0.004978929858511026,0.8463230609820361,15.367693901796386,0.8355309803052127,16.446901969478738,decimal
PCA_RIDGE_VAR,PCA,recursive,252,3.0,44,0.006592726724185551,0.00928666517037163,-0.003941228270356579,0.8919071643772406,10.809283562275942,0.8737348670607356,12.62651329392644,decimal
PCA_RIDGE_VAR,PCA,recursive,252,5.0,44,0.0057398909567796365,0.007886620500093753,-0.0031138203214588003,0.9048414324615188,9.51585675384812,0.8949511059472148,10.50488940527852,decimal
PCA_RIDGE_VAR,PCA,recursive,252,7.0,44,0.00519597940774475,0.007026686541652224,-0.002715083036400102,0.8690801443640391,13.091985563596083,0.8779688707402805,12.20311292597195,decimal
PCA_RIDGE_VAR,PCA,recursive,252,10.0,44,0.004596845800269053,0.006200577820167977,-0.0028050770379410657,0.8081060885374453,19.18939114625547,0.8344109538442177,16.55890461557823,decimal
PERSISTENCE,YIELD,random_walk,5,0.25,56,0.0006589285714285716,0.0009123165177565459,-0.0002517857142857141,1.0,0.0,1.0,0.0,decimal
PERSISTENCE,YIELD,random_walk,5,0.5,56,0.0006267857142857142,0.000819080494910517,-0.00013749999999999976,1.0,0.0,1.0,0.0,decimal
PERSISTENCE,YIELD,random_walk,5,1.0,56,0.0009535714285714292,0.0012215329947008627,-0.00012499999999999973,1.0,0.0,1.0,0.0,decimal
PERSISTENCE,YIELD,random_walk,5,2.0,56,0.0012785714285714288,0.001521629765369074,-0.0003178571428571427,1.0,0.0,1.0,0.0,decimal
PERSISTENCE,YIELD,random_walk,5,3.0,56,0.0013160714285714282,0.001560963530277739,-0.0002303571428571427,1.0,0.0,1.0,0.0,decimal
PERSISTENCE,YIELD,random_walk,5,5.0,56,0.0013589285714285715,0.0015785956688507304,-0.0003232142857142861,1.0,0.0,1.0,0.0,decimal
PERSISTENCE,YIELD,random_walk,5,7.0,56,0.00137142857142857,0.0015918318288778398,-0.00031428571428571405,1.0,0.0,1.0,0.0,decimal
PERSISTENCE,YIELD,random_walk,5,10.0,56,0.0013053571428571426,0.0015367521409964402,-0.00029107142857142813,1.0,0.0,1.0,0.0,decimal
PERSISTENCE,YIELD,random_walk,10,0.25,55,0.0011927272727272733,0.0019498251669875899,-0.000618181818181818,1.0,0.0,1.0,0.0,decimal
PERSISTENCE,YIELD,random_walk,10,0.5,55,0.001209090909090909,0.001868543428838234,-0.00041636363636363605,1.0,0.0,1.0,0.0,decimal
PERSISTENCE,YIELD,random_walk,10,1.0,55,0.0016690909090909096,0.002460524703834899,-0.00041454545454545444,1.0,0.0,1.0,0.0,decimal
PERSISTENCE,YIELD,random_walk,10,2.0,55,0.0020454545454545456,0.002665094233367232,-0.0005799999999999995,1.0,0.0,1.0,0.0,decimal
PERSISTENCE,YIELD,random_walk,10,3.0,55,0.002134545454545455,0.0027066920434696343,-0.0004981818181818178,1.0,0.0,1.0,0.0,decimal
PERSISTENCE,YIELD,random_walk,10,5.0,55,0.0021236363636363636,0.002615269845281049,-0.0005745454545454543,1.0,0.0,1.0,0.0,decimal
PERSISTENCE,YIELD,random_walk,10,7.0,55,0.0020527272727272716,0.0025227330057264906,-0.0005363636363636366,1.0,0.0,1.0,0.0,decimal
PERSISTENCE,YIELD,random_walk,10,10.0,55,0.0019545454545454545,0.0023749066967318558,-0.0004890909090909092,1.0,0.0,1.0,0.0,decimal
PERSISTENCE,YIELD,random_walk,22,0.25,55,0.0017509090909090916,0.002658878779417438,-0.0008090909090909093,1.0,0.0,1.0,0.0,decimal
PERSISTENCE,YIELD,random_walk,22,0.5,55,0.0017799999999999997,0.002583690102441573,-0.0006963636363636361,1.0,0.0,1.0,0.0,decimal
PERSISTENCE,YIELD,random_walk,22,1.0,55,0.0021818181818181823,0.00282385938357097,-0.0006872727272727269,1.0,0.0,1.0,0.0,decimal
PERSISTENCE,YIELD,random_walk,22,2.0,55,0.0025800000000000016,0.003320815890984953,-0.0007981818181818185,1.0,0.0,1.0,0.0,decimal
PERSISTENCE,YIELD,random_walk,22,3.0,55,0.0026509090909090927,0.003397539216443679,-0.0007163636363636364,1.0,0.0,1.0,0.0,decimal
PERSISTENCE,YIELD,random_walk,22,5.0,55,0.002627272727272727,0.003314513538967671,-0.000674545454545454,1.0,0.0,1.0,0.0,decimal
PERSISTENCE,YIELD,random_walk,22,7.0,55,0.002552727272727272,0.0031942562087711,-0.0006545454545454542,1.0,0.0,1.0,0.0,decimal
PERSISTENCE,YIELD,random_walk,22,10.0,55,0.0023818181818181807,0.003030031502986546,-0.0006472727272727276,1.0,0.0,1.0,0.0,decimal
PERSISTENCE,YIELD,random_walk,44,0.25,54,0.0032111111111111116,0.004781523079831673,-0.0015740740740740745,1.0,0.0,1.0,0.0,decimal
PERSISTENCE,YIELD,random_walk,44,0.5,54,0.0032907407407407403,0.004741600761111988,-0.0014018518518518512,1.0,0.0,1.0,0.0,decimal
PERSISTENCE,YIELD,random_walk,44,1.0,54,0.0036907407407407405,0.004862802880217525,-0.0012685185185185186,1.0,0.0,1.0,0.0,decimal
PERSISTENCE,YIELD,random_walk,44,2.0,54,0.004057407407407407,0.00530860587125248,-0.0013944444444444445,1.0,0.0,1.0,0.0,decimal
PERSISTENCE,YIELD,random_walk,44,3.0,54,0.004033333333333333,0.005203026184969809,-0.0012740740740740737,1.0,0.0,1.0,0.0,decimal
PERSISTENCE,YIELD,random_walk,44,5.0,54,0.0038537037037037034,0.004873986124389433,-0.0012018518518518522,1.0,0.0,1.0,0.0,decimal
PERSISTENCE,YIELD,random_walk,44,7.0,54,0.0036648148148148148,0.00462895476562714,-0.0011685185185185186,1.0,0.0,1.0,0.0,decimal
PERSISTENCE,YIELD,random_walk,44,10.0,54,0.003481481481481481,0.004361744469224993,-0.001162962962962963,1.0,0.0,1.0,0.0,decimal
PERSISTENCE,YIELD,random_walk,66,0.25,53,0.004660377358490566,0.006844967852785021,-0.002226415094339623,1.0,0.0,1.0,0.0,decimal
PERSISTENCE,YIELD,random_walk,66,0.5,53,0.004637735849056604,0.0066455262295716305,-0.0019471698113207544,1.0,0.0,1.0,0.0,decimal
PERSISTENCE,YIELD,random_walk,66,1.0,53,0.004860377358490566,0.0066256505554563375,-0.0016981132075471698,1.0,0.0,1.0,0.0,decimal
PERSISTENCE,YIELD,random_walk,66,2.0,53,0.0051320754716981136,0.006745592551282987,-0.0016566037735849049,1.0,0.0,1.0,0.0,decimal
PERSISTENCE,YIELD,random_walk,66,3.0,53,0.0050679245283018854,0.006587982197453349,-0.0014792452830188678,1.0,0.0,1.0,0.0,decimal
PERSISTENCE,YIELD,random_walk,66,5.0,53,0.0048207547169811325,0.006131560791172917,-0.001466037735849057,1.0,0.0,1.0,0.0,decimal
PERSISTENCE,YIELD,random_walk,66,7.0,53,0.004579245283018867,0.005803430995605506,-0.0014622641509433954,1.0,0.0,1.0,0.0,decimal
PERSISTENCE,YIELD,random_walk,66,10.0,53,0.004303773584905661,0.00544216591177821,-0.0015301886792452827,1.0,0.0,1.0,0.0,decimal
PERSISTENCE,YIELD,random_walk,132,0.25,50,0.008816,0.01300379944477767,-0.004200000000000001,1.0,0.0,1.0,0.0,decimal
PERSISTENCE,YIELD,random_walk,132,0.5,50,0.008228000000000001,0.012252722146527277,-0.0035439999999999994,1.0,0.0,1.0,0.0,decimal
PERSISTENCE,YIELD,random_walk,132,1.0,50,0.007462,0.010935858448242642,-0.0030220000000000004,1.0,0.0,1.0,0.0,decimal
PERSISTENCE,YIELD,random_walk,132,2.0,50,0.006332,0.008780660567406076,-0.0027159999999999997,1.0,0.0,1.0,0.0,decimal
PERSISTENCE,YIELD,random_walk,132,3.0,50,0.005808000000000001,0.007862111675625068,-0.002388,1.0,0.0,1.0,0.0,decimal
PERSISTENCE,YIELD,random_walk,132,5.0,50,0.00506,0.006826888017244752,-0.0025280000000000003,1.0,0.0,1.0,0.0,decimal
PERSISTENCE,YIELD,random_walk,132,7.0,50,0.004752000000000001,0.006388614873350874,-0.002624000000000001,1.0,0.0,1.0,0.0,decimal
PERSISTENCE,YIELD,random_walk,132,10.0,50,0.004497999999999999,0.006026259204514855,-0.0028139999999999997,1.0,0.0,1.0,0.0,decimal
PERSISTENCE,YIELD,random_walk,252,0.25,44,0.014656818181818186,0.020124922360098687,-0.005406818181818183,1.0,0.0,1.0,0.0,decimal
PERSISTENCE,YIELD,random_walk,252,0.5,44,0.01307272727272727,0.01820237247274002,-0.003963636363636363,1.0,0.0,1.0,0.0,decimal
PERSISTENCE,YIELD,random_walk,252,1.0,44,0.011186363636363635,0.01589501065228846,-0.002968181818181818,1.0,0.0,1.0,0.0,decimal
PERSISTENCE,YIELD,random_walk,252,2.0,44,0.008822727272727272,0.012355068889841421,-0.002604545454545455,1.0,0.0,1.0,0.0,decimal
PERSISTENCE,YIELD,random_walk,252,3.0,44,0.007545454545454546,0.010412143260286388,-0.002445454545454544,1.0,0.0,1.0,0.0,decimal
PERSISTENCE,YIELD,random_walk,252,5.0,44,0.0064136363636363635,0.008716024948856612,-0.002872727272727273,1.0,0.0,1.0,0.0,decimal
PERSISTENCE,YIELD,random_walk,252,7.0,44,0.005918181818181817,0.008085199722051059,-0.003322727272727272,1.0,0.0,1.0,0.0,decimal
PERSISTENCE,YIELD,random_walk,252,10.0,44,0.005509090909090908,0.007672975006771849,-0.004,1.0,0.0,1.0,0.0,decimal
DNS_KALMAN_OU,NS,existing,5,aggregate,448,0.001202061871785074,0.0014821259546554267,-0.00037946182207414405,1.0775599848425683,-7.755998484256832,1.0842031780948524,-8.420317809485251,decimal
DNS_KALMAN_OU,NS,existing,10,aggregate,440,0.0018963952405740125,0.0025009671900532156,-0.0007615636624511248,1.0360128913269258,-3.6012891326925844,1.0548848367289072,-5.488483672890722,decimal
DNS_KALMAN_OU,NS,existing,22,aggregate,440,0.002523185891262742,0.003244998930814553,-0.0012338804266339215,1.0622174788768741,-6.22174788768741,1.0907858048296388,-9.078580482963872,decimal
DNS_KALMAN_OU,NS,existing,44,aggregate,432,0.00401987823933951,0.005252723788007523,-0.0023262831680095275,1.0822506599562212,-8.22506599562212,1.098202364759798,-9.820236475979796,decimal
DNS_KALMAN_OU,NS,existing,66,aggregate,424,0.005255072977193667,0.006934978690348408,-0.0031915596563410705,1.0885290441700382,-8.852904417003804,1.1045213613890421,-10.452136138904216,decimal
DNS_KALMAN_OU,NS,existing,132,aggregate,400,0.0073061794008975325,0.010629388441391842,-0.005912256105065984,1.135137828629835,-13.513782862983494,1.1470569747857025,-14.705697478570254,decimal
DNS_KALMAN_OU,NS,existing,252,aggregate,352,0.009910497633728825,0.01528395480303323,-0.00881194833871827,1.1351600258857373,-13.516002588573736,1.0842253821515295,-8.422538215152947,decimal
NS_ELASTICNET,NS,direct_change,5,aggregate,448,0.0011694862789550671,0.0014676067907105558,-0.0002751765655130845,1.0670040195879156,-6.700401958791551,1.0548215280287299,-5.482152802872996,decimal
NS_ELASTICNET,NS,direct_change,10,aggregate,440,0.0018422611982654208,0.0024748282575329803,-0.0005662937099964108,1.0251849719666914,-2.5184971966691396,1.0247723479605377,-2.477234796053763,decimal
NS_ELASTICNET,NS,direct_change,22,aggregate,440,0.0023657060396981124,0.0031192754909398135,-0.0008227953420144176,1.0210631863218527,-2.106318632185265,1.0227064820860379,-2.270648208603788,decimal
NS_ELASTICNET,NS,direct_change,44,aggregate,432,0.0037495404353967412,0.004972898630716399,-0.0015426498301314576,1.0245965792596334,-2.459657925963342,1.0243479846274535,-2.434798462745356,decimal
NS_ELASTICNET,NS,direct_change,66,aggregate,424,0.004886153300195228,0.006553483983571405,-0.0020485305995909526,1.0286488214518572,-2.8648821451857205,1.026981113013819,-2.698111301381881,decimal
NS_ELASTICNET,NS,direct_change,132,aggregate,400,0.006605822367860294,0.009810184601432688,-0.0037174950212902234,1.0476530901405252,-4.765309014052525,1.0371021850789377,-3.7102185078937757,decimal
NS_ELASTICNET,NS,direct_change,252,aggregate,352,0.009710160668897449,0.014446026494365705,-0.004951779772810852,1.0729259553970802,-7.29259553970802,1.0623081757426267,-6.230817574262671,decimal
NS_RIDGE,NS,direct_change,5,aggregate,448,0.0011494996386506398,0.001442355199712957,-0.0002962552864504356,1.0486451858281025,-4.864518582810243,1.036794520063392,-3.6794520063391807,decimal
NS_RIDGE,NS,direct_change,10,aggregate,440,0.001818372875645077,0.002407359186961941,-0.0006031364276153045,0.9972362539045583,0.2763746095441744,1.0114842797520025,-1.1484279752002542,decimal
NS_RIDGE,NS,direct_change,22,aggregate,440,0.0023338014981523036,0.0030487247585346006,-0.0008969593460993966,0.997969119819473,0.20308801805270021,1.0089139901621276,-0.891399016212763,decimal
NS_RIDGE,NS,direct_change,44,aggregate,432,0.0037170677534961384,0.0048358974656677765,-0.0018439570065707312,0.9963693951790319,0.3630604820968135,1.015476677107653,-1.5476677107653138,decimal
NS_RIDGE,NS,direct_change,66,aggregate,424,0.004952262634687271,0.0064003070371781426,-0.002578826353651557,1.004605841294125,-0.46058412941249677,1.0408761002862257,-4.08761002862257,decimal
NS_RIDGE,NS,direct_change,132,aggregate,400,0.007134564649532474,0.009423003219009428,-0.00616724127179108,1.0063050637556425,-0.6305063755642539,1.1201137686682587,-12.011376866825872,decimal
NS_RIDGE,NS,direct_change,252,aggregate,352,0.01109108613417451,0.014501594514659991,-0.010523744471463896,1.0770530675332115,-7.705306753321151,1.2133837822002882,-21.33837822002881,decimal
PCA_RIDGE,PCA,direct_change,5,aggregate,448,0.0011530642574829688,0.0014276712751476117,-0.00031798295945731977,1.0379694335532281,-3.7969433553228047,1.0400096383176367,-4.000963831763668,decimal
PCA_RIDGE,PCA,direct_change,10,aggregate,440,0.0018399498531472003,0.0024170302147264655,-0.0006483260805521575,1.0012424277865173,-0.124242778651736,1.0234866439756867,-2.3486643975686765,decimal
PCA_RIDGE,PCA,direct_change,22,aggregate,440,0.0023437181323230456,0.003034869204520793,-0.0010303720634330033,0.9934336447802579,0.6566355219742095,1.0132010004147574,-1.3201000414757287,decimal
PCA_RIDGE,PCA,direct_change,44,aggregate,432,0.003726348572297442,0.0048071598068404565,-0.001979479396062967,0.9904484003796344,0.955159962036558,1.018012131304936,-1.8012131304935863,decimal
PCA_RIDGE,PCA,direct_change,66,aggregate,424,0.004917997746042492,0.006275213590814554,-0.0027425767060441347,0.9849709071894822,1.5029092810517768,1.0336742399851369,-3.3674239985136905,decimal
PCA_RIDGE,PCA,direct_change,132,aggregate,400,0.007190203229890046,0.009313609007956655,-0.006241907024766945,0.9946225941682522,0.5377405831747802,1.128848925330096,-12.884892533009594,decimal
PCA_RIDGE,PCA,direct_change,252,aggregate,352,0.010859531798559805,0.013760793840793383,-0.0102670333396239,1.0220327980440802,-2.2032798044080244,1.1880513420646623,-18.805134206466235,decimal
PCA_RIDGE_VAR,PCA,recursive,5,aggregate,448,0.0011401319512031364,0.0014103879369100339,-0.00030976050074413416,1.0254038121019506,-2.5403812101950587,1.0283453073062316,-2.8345307306231535,decimal
PCA_RIDGE_VAR,PCA,recursive,10,aggregate,440,0.0018026343039876415,0.002355083961763843,-0.0006396220366891502,0.975581508725316,2.4418491274683936,1.0027295749109513,-0.272957491095117,decimal
PCA_RIDGE_VAR,PCA,recursive,22,aggregate,440,0.002289609099286739,0.002957406174647447,-0.0009787040196421065,0.9680769078282445,3.1923092171755507,0.9898093964297162,1.019060357028381,decimal
PCA_RIDGE_VAR,PCA,recursive,44,aggregate,432,0.0036101932109725123,0.004532789335539777,-0.001836687667851301,0.933918181845091,6.608181815490895,0.9862793063556096,1.372069364439043,decimal
PCA_RIDGE_VAR,PCA,recursive,66,aggregate,424,0.0046179557291394745,0.005795974684771668,-0.0024689555176310037,0.9097485465137424,9.025145348625761,0.9706108308903669,2.938916910963306,decimal
PCA_RIDGE_VAR,PCA,recursive,132,aggregate,400,0.005928436530232342,0.007663462897034267,-0.004413212866233573,0.8183995420517063,18.160045794829376,0.9307538315774145,6.924616842258546,decimal
PCA_RIDGE_VAR,PCA,recursive,252,aggregate,352,0.007300814204046182,0.0104277017507565,-0.005531532790855929,0.7744795337243684,22.552046627563165,0.7987215539469327,20.127844605306738,decimal
PERSISTENCE,YIELD,random_walk,5,aggregate,448,0.001108705357142857,0.0013754463561227782,-0.00024888392857142844,1.0,0.0,1.0,0.0,decimal
PERSISTENCE,YIELD,random_walk,10,aggregate,440,0.0017977272727272725,0.0024140309555897277,-0.0005159090909090906,1.0,0.0,1.0,0.0,decimal
PERSISTENCE,YIELD,random_walk,22,aggregate,440,0.0023131818181818184,0.0030549289531985697,-0.0007104545454545455,1.0,0.0,1.0,0.0,decimal
PERSISTENCE,YIELD,random_walk,44,aggregate,432,0.0036604166666666664,0.0048535186739641295,-0.0013057870370370372,1.0,0.0,1.0,0.0,decimal
PERSISTENCE,YIELD,random_walk,66,aggregate,424,0.004757783018867924,0.006370963390908936,-0.0016832547169811317,1.0,0.0,1.0,0.0,decimal
PERSISTENCE,YIELD,random_walk,132,aggregate,400,0.0063695,0.009363962836320957,-0.0029795000000000004,1.0,0.0,1.0,0.0,decimal
PERSISTENCE,YIELD,random_walk,252,aggregate,352,0.009140625000000001,0.01346414113825717,-0.0034480113636363636,1.0,0.0,1.0,0.0,decimal
