,rate_unit,3M_x,6M_x,1Y_x,2Y_x,3Y_x,4Y_x,5Y_x,6Y_x,7Y_x,8Y_x,9Y_x,10Y_x,11Y_x,12Y_x,13Y_x,14Y_x,15Y_x,16Y_x,17Y_x,18Y_x,19Y_x,20Y_x,30Y_x
2026-06-19,decimal,0.022191126860233154,0.022615295835711306,0.023434150237791725,0.024960872611452516,0.026351886111042097,0.027620570345097684,0.028778913727099214,0.029837662770377,0.030806455030109064,0.03169393750908043,0.03250787213999393,0.033255229776295435,0.0339422739630836,0.034574635617391866,0.035157379620900965,0.035695064216141624,0.03619179399786386,0.03665126720305104,0.03707681792477676,0.03747145380561636,0.03783788970463861,0.03817857777723368,0.040567199165859665
2026-06-22,decimal,0.022220775637392068,0.022644687152365298,0.023463059070928785,0.02498893593655912,0.026379245321369087,0.027647347749633854,0.028805214967179076,0.02986357893868767,0.030832064528210353,0.03171930767520767,0.032533060675088425,0.03328028599284048,0.03396723987836034,0.03459954691016041,0.03518226646821659,0.03571995202499527,0.03621670404455816,0.03667621719165877,0.037101822474652345,0.03749652487672017,0.03786303696836875,0.03820380893952326,0.04059342174096496
2026-06-23,decimal,0.022250222084209455,0.02267387734391051,0.023491769037904,0.02501680435536044,0.02640641292468743,0.02767393627498802,0.028831329562246356,0.02988931027042207,0.030857490631693962,0.031744495573856585,0.03255806780002773,0.03330516142591158,0.03399202544027396,0.034624278112712306,0.035206973347197586,0.03574465986841631,0.03624143402904149,0.036700986938289236,0.03712664653421271,0.03752141515302954,0.03788800308738275,0.03822885857092256,0.04061945819935969
2026-06-24,decimal,0.022279467574370982,0.02270286777841552,0.023520281496255565,0.02504447920692638,0.026433390244667895,0.027700337232087514,0.028857258812779504,0.029914858057589016,0.030882734625803276,0.0317695024849695,0.03258289479070852,0.03332985734843323,0.034016631919692106,0.03464883049463613,0.03523150152681176,0.03576918901530662,0.036265985220614964,0.036725577713030325,0.037151291374653075,0.03754612590710974,0.037912789335828936,0.038253727947333165,0.04064530983792733
2026-06-25,decimal,0.022308513472272862,0.022731659814685584,0.023548597794307406,0.025071961821198613,0.026460178595924803,0.027726551922862674,0.028883004010308768,0.02994022358328875,0.030907797786904796,0.031794329679636746,0.032607542914194536,0.0333543750245111,0.03404106057867336,0.03467320531671749,0.03525585226722713,0.03579354072576881,0.03629035887977878,0.03674999077716558,0.03717575825835935,0.03757065840271059,0.037937396979033,0.03827841833582608,0.04067097794462474
2026-06-26,decimal,0.022337361133084523,0.022760254802325196,0.0235767192712315,0.025099253519052497,0.026486779284077628,0.027752581640308176,0.028908566437477308,0.02996540812177384,0.0309326813825489,0.031818978420157275,0.0326320134287771,0.03337871570949241,0.034065312670527634,0.03469740383099953,0.03528002681987225,0.0358177162511666,0.036314556258292614,0.03677422738323456,0.037200048438968576,0.037595013894826876,0.03796182727355847,0.0383029309947022,0.040696463798543116
2026-06-29,decimal,0.02236601190281084,0.02278865408180023,0.023604647257109763,0.025126355612358587,0.026513193605812148,0.027778427668543913,0.028933947368101856,0.029990412938509663,0.030957386671530158,0.03184344996009892,0.032656307584035246,0.03340288065002604,0.034089389439876175,0.03472142728084283,0.03530402642749629,0.03584171683418481,0.03633857859923558,0.03679828877509291,0.03722416316142892,0.0376191936297584,0.037986081467266807,0.0383272671735525,0.04072176866996854
2026-06-30,decimal,0.022394467118353998,0.02281685898449964,0.02363238307299557,0.025153269404043707,0.02653942284894123,0.02780409128287548,0.028959148067232966,0.03001523929023447,0.030981914903947274,0.03186774554435815,0.03268042662089549,0.033426871084122185,0.03411329212271124,0.03474527690098504,0.035327852324228505,0.03586554370888886,0.03636242713706586,0.03682217618797187,0.03724810366205935,0.03764319884516967,0.03801016079937707,0.03835142811331763,0.04074689382044211
2026-07-01,decimal,0.022422728107574817,0.022844870832796696,0.02365992803097473,0.025179996188151605,0.026565468292465092,0.02782957374985421,0.028984169791214827,0.030039888425019038,0.031006267321262566,0.031891866409219496,0.03270437177169105,0.03345068824121152,0.03413702194645516,0.03476895391760003,0.03535150573563741,0.035889198100783976,0.036386103097679735,0.03684589084853744,0.037271871168608674,0.03766703077014901,0.038034066500525134,0.03837541504634729,0.040771840502819665
2026-07-02,decimal,0.022450796189353837,0.022872690940109925,0.02368728343422622,0.02520653724990322,0.026591331206631316,0.02785487632733685,0.029009013787744724,0.03006436158232591,0.03103044515636108,0.03191581378241451,0.03272814426022078,0.033474333342204156,0.03416058013001926,0.034792459548356615,0.03537498787878954,0.035912681226873897,0.036409607698470466,0.03686943397494921,0.03729546690031448,0.03769069062526745,0.03805779979282255,0.03839922919645905,0.040796609961331054
2026-07-03,decimal,0.022478672673651855,0.022900320610963552,0.023714450577082408,0.02523289386575657,0.02661701285299433,0.027880000264544846,0.02903368129593208,0.030088659993068295,0.031054449633609343,0.031939588883180416,0.03275174530180775,0.03349780759954799,0.034183967883862215,0.03481579500247698,0.03539829996230783,0.03593599429571927,0.036432942148386584,0.03689280677691868,0.03731889206796147,0.037714179622637144,0.038081361889915004,0.03842287177899689,0.04082120343163917
2026-07-06,decimal,0.022506358861570104,0.022927761141047547,0.023741430745088853,0.025259067303466123,0.026642514484474522,0.02790494680212313,0.02905817354635704,0.030112784879668453,0.031078281968913594,0.03196319292231823,0.03277517610335723,0.03352111221728679,0.034207186410048,0.034838961480794614,0.035421443186429494,0.03595913850749553,0.03645610764798984,0.036916010455767236,0.03734214787393941,0.03773749896596934,0.03810475399704039,0.03844634400088924,0.0408456221408983
2026-07-07,decimal,0.022533856045410038,0.022955013817277287,0.023768225215063776,0.025285058822141906,0.026667837345417,0.027929717172198634,0.029082491761128752,0.030136737456115788,0.031101943369777754,0.03198662710225063,0.0327984378634145,0.03354424839111783,0.03423023690230356,0.0348619601758119,0.03544441874306363,0.03598211505405053,0.036479105389512774,0.036939046204483746,0.03736523551230082,0.037760649850632065,0.03812797731108643,0.038469647060706685,0.0408698673078124
2026-07-08,decimal,0.02256116550873267,0.0229820799178528,0.02379483525515706,0.025310869672308108,0.026692982671649854,0.027954312598438277,0.029106637153943175,0.0301605189280245,0.031125435035360884,0.03200989261707928,0.032821531772222086,0.03356721730844912,0.03425312054607595,0.034884792271757246,0.03546722781584839,0.03600492511896161,0.036501936556915915,0.036961915207781706,0.037388156168818056,0.03778363346370729,0.038151033020647894,0.03849278214871927,0.04089394014269269
2026-07-09,decimal,0.02258828852641757,0.02300896071231763,0.023821262124908905,0.025336501095961354,0.026717951690542134,0.027978734296106703,0.029130610930140525,0.030184130492690833,0.031148758156534378,0.03203299065264191,0.032844459011776746,0.0335900201484563,0.034275838518589216,0.034907458944641964,0.03548987158020772,0.03602756987759247,0.03652460232594449,0.03698461864215607,0.03741091102104024,0.037806450984047835,0.03817392230608359,0.03851575044695339,0.040917841847515055
2026-07-10,decimal,0.022615226364721425,0.023035657461617266,0.02384750707530806,0.025361954326628546,0.02674274562106137,0.028002983472123488,0.029154414286762326,0.030207573339149977,0.03117191391593864,0.0320559223865689,0.03286722075588599,0.03361265808213911,0.03429839198890078,0.034929961362316575,0.035512351203407795,0.036050050497149495,0.03654710386418489,0.03700715767593962,0.03743350123834961,0.037829103582333774,0.03819664633957275,0.038538553129248344,0.04094157361597697
2026-07-13,decimal,0.02264198028133621,0.023062171418157227,0.02387357134884965,0.02538723058942433,0.026767365673830708,0.028027061325120062,0.0291780484126081,0.03023084864823255,0.031194903488039456,0.03207868898833954,0.032889818170224225,0.03363513227237748,0.03432078211795752,0.03495230068452689,0.035534667844612955,0.03607236813673775,0.03656944233112064,0.03702953346935905,0.03745592798201761,0.03785159242112853,0.03821920628517115,0.03856119136131241,0.04096513663355403
2026-07-14,decimal,0.022668551525446962,0.02308850382586072,0.02389945617959265,0.025412331101108167,0.026791813051185668,0.028050969045496185,0.029201514488291606,0.03025395759262068,0.03121772803918396,0.032101291619337884,0.03291225241238854,0.0336574438739872,0.03434301005865139,0.03497447806296964,0.03555682265494142,0.036094523947416635,0.036591618878188015,0.0370517471745905,0.03747819240526051,0.03787391865493455,0.03824160329886686,0.03858366630077867,0.040988532077556136
2026-07-15,decimal,0.022694941337789203,0.023114655920225904,0.023925162793216933,0.02543725707014102,0.026816088947230535,0.028074707815476066,0.02922481368629678,0.03027690133690376,0.03124038872765621,0.032123731432908184,0.032934524631954065,0.0336795940337753,0.034365076955874756,0.03499649464134769,0.03557881677752046,0.03611651907225507,0.03661363464883129,0.03707379993581492,0.03750029565329473,0.03789608343024861,0.03826383852863554,0.038605979097260296,0.04101176111718329
2026-07-16,decimal,0.022721150950705912,0.023140628928382815,0.023950692407079956,0.025462009696741658,0.02684019454789433,0.02809827880916409,0.029247947171033205,0.03029968103763378,0.03126288670373241,0.032146009574410044,0.03295663597052904,0.033701583890595,0.03438698394657527,0.03501835155542497,0.03560065134754123,0.03613835464638644,0.036635490778557635,0.037095692889272905,0.037522238863391684,0.037918087885616764,0.03828591311449544,0.03862813089240563,0.041034824913580986
2026-07-17,decimal,0.022747181588204195,0.02316642406914986,0.02397604623027307,0.025486590172942598,0.026864131030986435,0.02812168319260018,0.029270916098891327,0.030322297843380305,0.03128522310973574,0.03216812718127312,0.03297858756180939,0.03372341457540024,0.03440873215981042,0.03504004993308097,0.0356223274923134,0.03616003179706301,0.036657188394991595,0.037117427163319214,0.037544023164932376,0.03793993315168887,0.03830782818856195,0.03865012281995276,0.04105772461989526
2026-07-20,decimal,0.02277303446601148,0.023192042553089945,0.024001225463677417,0.025510999682645634,0.026887899566251827,0.02814492212381477,0.02929372161829714,0.030344752894785047,0.03130739908009078,0.03219008538305147,0.033000380531633046,0.03374508721129993,0.03443032271680168,0.03506159089436485,0.03564384633131914,0.03618155164371006,0.0366787286179292,0.037139003878476885,0.03756564967946152,0.03796162035127282,0.038329584875101845,0.03867195600578377,0.041080461381327295
