model,benchmark,horizon,status,statistic,p_value,mean_loss_difference,n,hac_bandwidth
DNS_CALENDAR_TIME_V2,NS_AR1_MEAN_REVERSION,252,LIMITED_POWER_DM,1.461523500460433,0.14555018032538605,4.234500792979258e-06,188,12
DNS_CALENDAR_TIME_V2,NS_AR1_MEAN_REVERSION,504,NOT_CALCULATED_INSUFFICIENT_EFFECTIVE_INFORMATION,,,,175,25
DNS_CALENDAR_TIME_V2,NS_AR1_MEAN_REVERSION,756,NOT_CALCULATED_INSUFFICIENT_EFFECTIVE_INFORMATION,,,,162,37
DNS_CALENDAR_TIME_V2,NS_AR1_MEAN_REVERSION,1008,NOT_CALCULATED_INSUFFICIENT_EFFECTIVE_INFORMATION,,,,150,49
DNS_CALENDAR_TIME_V2,NS_AR1_MEAN_REVERSION,1260,NOT_CALCULATED_INSUFFICIENT_EFFECTIVE_INFORMATION,,,,138,62
DNS_PUBLICATION_TIME_V2,NS_AR1_MEAN_REVERSION,252,LIMITED_POWER_DM,-0.21567221197109712,0.8294783211587017,-3.0449548455392554e-07,188,12
DNS_PUBLICATION_TIME_V2,NS_AR1_MEAN_REVERSION,504,NOT_CALCULATED_INSUFFICIENT_EFFECTIVE_INFORMATION,,,,175,25
DNS_PUBLICATION_TIME_V2,NS_AR1_MEAN_REVERSION,756,NOT_CALCULATED_INSUFFICIENT_EFFECTIVE_INFORMATION,,,,162,37
DNS_PUBLICATION_TIME_V2,NS_AR1_MEAN_REVERSION,1008,NOT_CALCULATED_INSUFFICIENT_EFFECTIVE_INFORMATION,,,,150,49
DNS_PUBLICATION_TIME_V2,NS_AR1_MEAN_REVERSION,1260,NOT_CALCULATED_INSUFFICIENT_EFFECTIVE_INFORMATION,,,,138,62
NS_AR1_MEAN_REVERSION,PERSISTENCE,252,LIMITED_POWER_DM,-0.22490817731957533,0.8222962843204384,-3.091912527983338e-06,188,12
NS_AR1_MEAN_REVERSION,PERSISTENCE,504,NOT_CALCULATED_INSUFFICIENT_EFFECTIVE_INFORMATION,,,,175,25
NS_AR1_MEAN_REVERSION,PERSISTENCE,756,NOT_CALCULATED_INSUFFICIENT_EFFECTIVE_INFORMATION,,,,162,37
NS_AR1_MEAN_REVERSION,PERSISTENCE,1008,NOT_CALCULATED_INSUFFICIENT_EFFECTIVE_INFORMATION,,,,150,49
NS_AR1_MEAN_REVERSION,PERSISTENCE,1260,NOT_CALCULATED_INSUFFICIENT_EFFECTIVE_INFORMATION,,,,138,62
