model,maturity,current_percent,equilibrium_percent,1Y_percent,2Y_percent,3Y_percent,4Y_percent,5Y_percent
DNS_CALENDAR_TIME_V2,0.25,2.23478991596638,2.72144715519088,2.63634949861683,2.6703196206954103,2.67316794853273,2.67343908231763,2.67347170275541
DNS_CALENDAR_TIME_V2,0.5,2.27703296703296,2.76003925839631,2.67463822509833,2.70787467642442,2.71059396824123,2.7108421754361003,2.71087072610878
DNS_CALENDAR_TIME_V2,1.0,2.30891396457908,2.83471159766207,2.74876677691359,2.78062433259488,2.78310102207484,2.78330610482743,2.7833269957935998
DNS_CALENDAR_TIME_V2,2.0,2.36548872180451,2.97456966541703,2.88776667247694,2.9171925610447,2.9192410959160897,2.91936999507592,2.919377337004
DNS_CALENDAR_TIME_V2,5.0,2.88837209302325,3.32846264049499,3.24052831090011,3.2647805199612803,3.2659158409128004,3.26588172564621,3.2658599561656003
DNS_CALENDAR_TIME_V2,10.0,3.3398189134808796,3.75300283587351,3.66610612548032,3.68640662597879,3.68683823447065,3.6866770765533996,3.6866322935305904
DNS_CALENDAR_TIME_V2,15.0,3.67198738170347,4.03937943450861,3.9550946690159896,3.97452973841307,3.97479947007888,3.9746073163529503,3.97455651780329
DNS_CALENDAR_TIME_V2,20.0,3.75257142857142,4.23806085780694,4.15675283459527,4.17668403092491,4.17703199811182,4.1768516598700405,4.1768024796136
DNS_CALENDAR_TIME_V2,30.0,4.09999999999999,4.48402975737279,4.40804388615288,4.4301305103358395,4.43084314518517,4.43072426622909,4.43068522985097
DNS_PUBLICATION_TIME_V2,0.25,2.23478991596638,2.72144715519088,2.6553185889525,2.7278871806132,2.74195266880431,2.7451798406109202,2.7460361841875
DNS_PUBLICATION_TIME_V2,0.5,2.27703296703296,2.76003925839631,2.69305131783474,2.76444315548865,2.7781833491242103,2.78131967445679,2.78215037034425
DNS_PUBLICATION_TIME_V2,1.0,2.30891396457908,2.83471159766207,2.7660722562765203,2.83523376507452,2.84835649799502,2.85132010618523,2.85210195893272
DNS_PUBLICATION_TIME_V2,2.0,2.36548872180451,2.97456966541703,2.90287965728565,2.9680366645569,2.98004726839693,2.98269874595957,2.98339202164102
DNS_PUBLICATION_TIME_V2,5.0,2.88837209302325,3.32846264049499,3.2493279875478898,3.3054733092853104,3.3149575473732105,3.3168929302021697,3.31738091450669
DNS_PUBLICATION_TIME_V2,10.0,3.3398189134808796,3.75300283587351,3.6655697755106,3.71348579505653,3.72060179681595,3.7218478421042605,3.72213293276226
DNS_PUBLICATION_TIME_V2,15.0,3.67198738170347,4.03937943450861,3.94685353507989,3.99127939102488,3.9973267941852297,3.99824333870143,3.9984262004523403
DNS_PUBLICATION_TIME_V2,20.0,3.75257142857142,4.23806085780694,4.14230921384431,4.18556904435635,4.19119724711239,4.19196772481596,4.1921007589001
DNS_PUBLICATION_TIME_V2,30.0,4.09999999999999,4.48402975737279,4.384716888358571,4.42829762529177,4.433859671315609,4.43456531984577,4.4346663184496
NS_AR1_MEAN_REVERSION,0.25,2.23478991596638,2.72144715519088,2.6279328010336,2.70210174673081,2.71672403337809,2.72013947703704,2.72105707768665
NS_AR1_MEAN_REVERSION,0.5,2.27703296703296,2.76003925839631,2.6677650495720298,2.7410471840504402,2.75541797439999,2.75876126903162,2.75965793224928
NS_AR1_MEAN_REVERSION,1.0,2.30891396457908,2.83471159766207,2.74479946363205,2.81639367423791,2.83028495310218,2.83349044738974,2.83434705299161
NS_AR1_MEAN_REVERSION,2.0,2.36548872180451,2.97456966541703,2.88894250274513,2.95747908581288,2.97049864065911,2.9734527240166697,2.97423598926642
NS_AR1_MEAN_REVERSION,5.0,2.88837209302325,3.32846264049499,3.2527756047022,3.3142485919585303,3.32523351814037,3.32759479920728,3.3282034238935103
NS_AR1_MEAN_REVERSION,10.0,3.3398189134808796,3.75300283587351,3.68716252110926,3.7417120765249905,3.75065026741883,3.75240023765664,3.7528245411497996
NS_AR1_MEAN_REVERSION,15.0,3.67198738170347,4.03937943450861,3.97852242611606,4.02963946023857,4.037511631975111,4.03892894393885,4.03924901810032
NS_AR1_MEAN_REVERSION,20.0,3.75257142857142,4.23806085780694,4.1796507087451396,4.22914025906996,4.23646449178838,4.23769956319689,4.23795957224659
NS_AR1_MEAN_REVERSION,30.0,4.09999999999999,4.48402975737279,4.4272286327039,4.4757630010522,4.48267823706679,4.4837559317865106,4.4839587929942795
