,3M_x,6M_x,1Y_x,2Y_x,3Y_x,4Y_x,5Y_x,6Y_x,7Y_x,8Y_x,9Y_x,10Y_x,11Y_x,12Y_x,13Y_x,14Y_x,15Y_x,16Y_x,17Y_x,18Y_x,19Y_x,20Y_x,30Y_x
2026-06-19,2.257179500262419,2.2948135320288694,2.36829849431091,2.508110378224144,2.638456168687323,2.759578710141486,2.8718420957291286,2.975688933792475,3.071608172569053,3.1601111666641524,3.2417141488735575,3.316925654641465,3.3862377527905703,3.450120180408585,3.5090166742085334,3.5633429451956853,3.613485866035611,3.659803537529577,3.702625977211211,3.742256233413604,3.7789717755332073,3.813026048292272,4.04899656700665
2026-06-22,2.2592331947258733,2.2967181268499357,2.3699313626706227,2.509292951025613,2.6392916783302174,2.7601495004087027,2.872213677188201,2.9759132665780936,3.0717263222499356,3.1601554515883596,3.241709875175429,3.316892517031475,3.3861909645637494,3.450071384168624,3.5089746751010518,3.5633143005585386,3.6134753589671957,3.6598145566717126,3.7026608208165936,3.74231635233621,3.779057966994561,3.8131386100162086,4.049341020886843
2026-06-23,2.261269255392284,2.2986175776986073,2.3715816697625764,2.510529725507273,2.6402088975682867,2.7608221871055365,2.8727015731523644,2.9762638073016623,3.071977044057397,3.160335938437662,3.2418433321138695,3.3169970409803526,3.3862805698279526,3.4501568292721996,3.509064128774625,3.5634138775725313,3.613589550709542,3.6599465766606754,3.7028128815152073,3.7424898865296377,3.779253804470739,3.813357118244195,4.049761213522505
2026-06-24,2.263287090830759,2.300510110468161,2.3732455080318475,2.5118133393295374,2.641197902356663,2.7615849893673388,2.873292699918948,2.97672660259844,3.0723458516080067,3.1606378674789806,3.2420996850442902,3.3172244667979367,3.386491995306981,3.450362210062742,3.509271054671911,3.5636280597507546,3.613815213471167,3.6601867719918215,3.7030697412767184,3.742764824302568,3.77954767679273,3.8136703531205964,4.050249082079549
2026-06-25,2.2652862179498148,2.3023941751330943,2.3749194026731955,2.513137200361752,2.6422497885113856,2.7624273265758075,2.873975300013854,2.9772891088068345,3.072819718690922,3.1610479641907503,3.2424655901650863,3.3175615166368004,3.3868121297096825,3.450674655124951,3.5095828731755905,3.563944594502637,3.61414044397627,3.6605236010382156,3.7034202248743098,3.743130355873379,3.779929134443152,3.8140682171479514,4.050797369903861
2026-06-26,2.2672662501316823,2.3042684224651016,2.376600267764008,2.5144954095387266,2.643356569961569,2.7633396988468597,2.874738810286623,2.9779400518668964,3.0733869342272877,3.161554291792466,3.242929046531639,3.31799624743336,3.3872291786680995,3.4510825849965454,3.5099882666403803,3.5643524578537398,3.6145545321011476,3.660946678725986,3.7038542766403317,3.74357675418666,3.780388774369355,3.8145416239000087,4.05139954659636
2026-06-29,2.2692268865669254,2.3061316830779717,2.3782853667605646,2.5158826913693213,2.6445110870850086,2.7643135793570535,2.875573743068137,2.978669301090719,3.0740369715888,3.1621461183726147,3.2434792627187337,3.3185179184048463,3.38773253403321,3.451575583962588,3.5104770541786254,3.564841732553849,3.6150478425110433,3.661446661810206,3.7043628494185126,3.7440952675242944,3.7809181361954725,3.815082397747681,4.052049735997139
2026-06-30,2.2711679026700295,2.3079829485704666,2.3799722769254994,2.51729433133979,2.6457069241294686,2.765341317337281,2.876471579098667,2.979467755432438,3.074760370854968,3.162813797170902,3.244106536682358,3.3191168716622834,3.388312656108013,3.4521442845393855,3.511040078839019,3.5654034982490534,3.6156117080114814,3.6620151455049044,3.704937804506305,3.744678022744431,3.7815096087058833,3.815683183508571,4.052742651296348
2026-07-01,2.27308914146845,2.3098213545590887,2.3816588572971145,2.5187261195294597,2.6469383348206277,2.7664160506783255,2.8774246710617803,2.980327241021264,3.0755486327290984,3.163548658713507,3.2448021475151965,3.3197844246420436,3.388960967538233,3.452780263392728,3.5116691059525444,3.5660297325244623,3.61623833345534,3.6626445703441117,3.7055718215002726,3.7453179380971013,3.7821563455841076,3.816337365038506,4.053473536566901
2026-07-02,2.2749905058682485,2.3116461654132534,2.383343219849681,2.5201742998238505,2.648200175346555,2.7675316271972306,2.8784261566748075,2.981240418843273,3.076394122959637,3.1643429136287873,3.245558257919233,3.320512773186846,3.3896697577074377,3.4534759475593786,3.512356731540999,3.5667132217422663,3.616920709161496,3.663328138261904,3.7062583170649317,3.7460086446691667,3.782852189491595,3.817038991880528,4.054238114083775
2026-07-03,2.276871951709033,2.3134567605239305,2.3850237035286233,2.5216355241711614,2.6494878439887337,2.7686825337075387,2.879469880390349,2.9822007015679124,3.077289986227563,3.165189565086855,3.2463678263352795,3.32129490422273,3.3904320965974604,3.4542245299526075,3.5130962997926827,3.5674474807061727,3.6176525329041684,3.6640597369795076,3.706991371742349,3.7467444156050225,3.7835916036614567,3.8177827131743562,4.055032536857528
2026-07-06,2.2787334815295823,2.3152526219535354,2.3866988508757125,2.52310681138285,2.6507972267418554,2.769863832121188,2.8805503228568248,2.983202178614452,3.0782300685633346,3.1660823299109326,3.2472245277740854,3.322124517082698,3.391241757177764,3.4550198932333536,3.5138818287083224,3.5682266802791096,3.6184281396251383,3.6648338718777325,3.7077656640071104,3.7475201023338607,3.784369610263754,3.818563718108084,4.055853345866225
2026-07-07,2.280575138973309,2.3170333233299325,2.3883673869876176,2.5245855100284333,2.6521246483296657,2.7710711018862475,2.8816625373703446,2.9842395486431457,3.079208847449514,3.167015567502565,3.2481226824881917,3.322995952621645,3.39209314548002,3.4558565412194455,3.5147079431089816,3.569045582167416,3.619242438104873,3.665645604614262,3.708576410849929,3.7483310771103993,3.785181734872506,3.8193776822649683,4.056697431521043
2026-07-08,2.282397003769741,2.318798519860972,2.390028200576538,2.5260692650191277,2.653466828082782,2.7723003881334995,2.8828020926261044,2.9853080587364635,3.080221368848661,3.1679842158076315,3.2490571917088134,3.323904129351764,3.3929812375976063,3.456729537087157,3.5155698142776757,3.5698994801625865,3.6200908539041428,3.666490497818571,3.709419314244051,3.749173181244533,3.7860239564308005,3.820220719282152,4.057561998946718
2026-07-09,2.284199187234511,2.3205479393582262,2.3916803269245213,2.5275559875150626,2.6548208401972184,2.7735481549668917,2.8839650211459427,2.9864034496084346,3.081263190471288,3.16898373362654,3.2500234797487746,3.324844485903881,3.3939015229249265,3.457634447693134,3.5164631055784086,3.5707841472017163,3.6209692779558122,3.6673645652632305,3.710290512912503,3.7500426784571177,3.786892662170118,3.8210893372958226,4.058444536699494
2026-07-10,2.2859818282360873,2.3222813741696107,2.393322932543717,2.529043827826927,2.656184077939983,2.7748112433887653,2.885147772820363,2.9875219062456226,3.0823303306664673,3.1700100486409215,3.2510174418416566,3.325812929188853,3.3948499530192358,3.4585672934111913,3.5173839234612974,3.5716957876710285,3.62187402024784,3.6682642269698333,3.7111865388717864,3.7509362128547803,3.7877846069937635,3.821980399699314,4.059342788582476
2026-07-13,2.287745089582538,2.3239986739305087,2.3949553013733693,2.530531151015474,2.657554221410975,2.7760868334011293,2.8863471730588603,2.988660013442231,3.0834192223787187,3.171059510591192,3.252035397149601,3.326805787695076,3.3958228955286867,3.459524502938357,3.5183287733209063,3.5726309944337475,3.6228017680938005,3.669186268761352,3.712104278279464,3.751850771066791,3.7886968768827654,3.8228910897874786,4.060254728252012
2026-07-14,2.2894891547863354,2.325699739051976,2.3965768223611095,2.5320165149216556,2.6589292085091083,2.777372409869618,2.8875603850924882,2.9898147157450383,3.084526671669864,3.172128849095316,3.253074046428359,3.327819769413921,3.3968170926853527,3.4605028725785307,3.519294519727636,3.573586710114932,3.623749548537068,3.6701278058210227,3.7130409361598624,3.7527836481322367,3.7896268559263038,3.8238188789028373,4.061178536338951
2026-07-15,2.2912142251693015,2.3273845148726378,2.3981869782911986,2.5334986503865777,2.660307208785375,2.7786657317776755,2.888784876017693,2.990983281371726,3.0856498203541074,3.173215135649517,3.2541304338887636,3.3288519239351873,3.397829623911552,3.4614995295607245,3.5202783505994955,3.574560192222075,3.6247146944796866,3.671086249861372,3.7139940046241953,3.753732416766459,3.790572196618069,3.8247614977370867,4.062112579836009
2026-07-16,2.2929205172736014,2.329052986408212,2.3997853357359555,2.5349764434443314,2.66168659989698,2.7799648045353327,2.890018386211102,2.9921632697093616,3.08678611233928,3.174315749397099,3.25520191283937,3.329899608299959,3.3988578721324787,3.462511898992687,3.5212777449243915,3.5755489817219743,3.6256948141674084,3.6720592795462004,3.714961234239378,3.754694899672423,3.7915307930954323,3.825716910475768,4.063055393527023
2026-07-17,2.2946082605480425,2.330705173639072,2.4013715360188606,2.5364489192921646,2.663065946404942,2.781267855040156,2.8912589017815824,2.9933525020386886,3.08793326330747,3.175428346292479,3.256286114736098,3.3309604562390396,3.399899493428389,3.4635376740902015,3.52229044368161,3.576550874731864,3.6266877636988193,3.673044813843653,3.7159406082339936,3.7556691445957378,3.7925007570302567,3.826683291504791,4.0640056632560695
2026-07-20,2.296277695282022,2.332341127282226,2.4029452870888717,2.5379152278618657,2.664443980683056,2.782573309217877,2.8925046297588954,2.9945490351649213,3.0890892334045152,3.1765508313244175,3.2573809213017078,3.3320323504619527,3.4009523896958918,3.4645747893579135,3.5233144236459473,3.57756389701669,3.6276916222593405,3.6740409880203764,3.7169303192606917,3.756653401851874,3.7934803959090013,3.827659004425347,4.064962210854444
